0,1.56969e-05,0.0170129905,0.0004887686,5.76455e-05,0,0.0949009472,0.0002167794,5.92693e-05,0,0.0260294993,1.81326e-05,0.0058660352,0.0001079838,0.0001935047,0,0.0324192152,0,0.0061875507,0.0004495264,5.413e-07,0,0.0009366712,6.4682e-05,2.94993e-05,0,8.119e-07,0,0.0059529093,8.119e-07,7.30717e-05,3.2747e-05,0.0001564276,0.0002841678,0.0001461434,7.8484e-06,1.24493e-05,5.413e-07,2.977e-06,0,1.8945e-06,0,1.81326e-05,2.706e-07,1.56969e-05,5.413e-07,9.2016e-06,0,3.16644e-05,5.413e-07,0.0001810555,0,3.2476e-06,0,5.413e-07,0,0.0623117727,1.08254e-05,0.0005997294,4.3302e-06,0.0055623816,8.119e-07,0.0051271989,7.3072e-06,0.0001161028,1.0825e-06,0.0005366712,1.54263e-05,0.0146443843,5.4127e-06,0.0222257104,3.41001e-05,0.0790046008,1.29905e-05,0.0292933694,4.3302e-06,0.0816619756,5.49391e-05,6.73884e-05,1.0825e-06,0.0064354533,5.1421e-06,1.3532e-06,0,0.0220435724,1.8945e-06,0,0,0.0040976996,2.706e-07
1.52753e-05,0,0.0001946714,0.0446618117,3.552e-07,1.0657e-06,2.41563e-05,0.0343087034,0,2.1314e-06,3.9076e-06,0.0734323268,6.3943e-06,0.0035825933,0,6.7496e-06,1.421e-06,0.0049012433,0.0003143872,0.0076387211,0,1.421e-06,1.70515e-05,0.0002348135,0,1.421e-06,0,0,0,0.0016625222,0,6.50089e-05,6.0391e-06,0.0021438721,1.7762e-06,3.73002e-05,0,1.13677e-05,0,5.6838e-06,0,3.5524e-06,0,5.3286e-06,0,8.1705e-06,0,0.0001190053,0,1.27886e-05,0,7.8153e-06,0,0,0,2.4867e-06,4.08526e-05,0.0763250444,1.7762e-05,0.0001637655,3.552e-07,0.0045175844,3.552e-07,0.0026646536,0,0.0046838366,1.24334e-05,0.0002010657,3.76554e-05,0.0014625222,2.69982e-05,0.0065456483,2.48668e-05,0.0190227353,2.20249e-05,0.0048969805,6.78508e-05,0.0620511545,7.105e-07,4.2629e-06,2.8419e-06,0.0001339254,0,2.1314e-06,3.1972e-06,0.0040166963,0,0,7.105e-07,0.0015257549
0.0167184644,0.0001539305,0,0.0069012797,0.03371883,4.35101e-05,0.2133184644,0.0046866545,0.0244888483,0.0004164534,0.011620841,0.0002369287,0.0619864717,0.0033678245,0.0137575868,0.000514808,0.0006928702,3.656e-07,0.0382892139,0.0045904936,1.06033e-05,7.313e-07,0.2579243144,0.0037360146,0.0018808044,3.21755e-05,7.313e-07,0,0.0039718464,2.1938e-06,0.0020965265,0.00568117,0.0008829982,0.0040925046,9.06764e-05,1.79159e-05,1.0969e-06,3.656e-07,1.4625e-06,3.656e-07,2.5594e-06,7.313e-07,2.34004e-05,1.0969e-06,2.55941e-05,3.656e-07,7.3126e-06,7.313e-07,6.10603e-05,7.313e-07,9.43327e-05,3.656e-07,2.1938e-06,0,3.656e-07,0,0.0003674589,1.31627e-05,7.71481e-05,5.1188e-06,0.0003630713,1.09689e-05,0.0002786106,8.29982e-05,1.09689e-05,3.2907e-06,0.0002837294,2.59598e-05,0.0002244973,5.4845e-06,0.0224051188,0.0005436929,0.0198080439,0.0001261426,0.0042563071,1.90128e-05,0.0251510055,0.0004270567,0.0001334552,1.0969e-06,0.000691042,2.5594e-06,3.656e-07,3.656e-07,0.0005601463,8.4095e-06,0,0,0.0001155393,1.4625e-06
7.36134e-05,0.0271569748,0.003970084,0,0.0006352941,0.0178278992,0.0030484034,0.1575253782,0.000565042,0.0203633613,2.92437e-05,0.010850084,0.0032510924,0.0182635294,0.0002053782,0.0160131092,4.0336e-06,3.96639e-05,0.0071694118,0.0981008403,1.61345e-05,6.68908e-05,0.0016578151,0.1593663866,0.0002665546,0.0046063866,0,0,1.44538e-05,0.0007764706,0.000669916,0.0293515966,8.03361e-05,0.017989916,9.0756e-06,0.0002430252,0,3.66387e-05,0,7.0588e-06,0,2.08403e-05,6.723e-07,3.42857e-05,3.361e-07,3.66387e-05,0,0.0001173109,1.3445e-06,5.34454e-05,6.723e-07,1.21008e-05,0,0,0,3.361e-07,1.88235e-05,0.0007465546,1.14286e-05,0.0001226891,2.3529e-06,0.0002117647,4.3697e-06,0.0008615126,1.0084e-06,0.0001865546,1.10924e-05,0.0005260504,0.001947563,0.0032685714,0.0001243697,0.0282951261,6.28571e-05,0.0125364706,2.21849e-05,0.0021862185,0.0001109244,0.0543966387,3.361e-07,4.0336e-06,6.7227e-06,2.85714e-05,0,8.4034e-06,7.395e-06,0.0004695798,0,6.723e-07,1.0084e-06,0.0001344538
3.1746e-05,0,0.0519847619,0.0014742857,0,0.0003688889,0.0072031746,0.0002304762,0.178967619,0.0007936508,1.65079e-05,0,0.0063555556,0.0001460317,0.1343904762,0.0010393651,1.9048e-06,0,1.9048e-06,6.349e-07,0.0141066667,3.42857e-05,0.0340285714,0.0019511111,0.0807466667,0.0004863492,0.1122901587,1.39683e-05,0.0201384127,1.2698e-06,0.0018685714,0.0032336508,2.5397e-06,6.9841e-06,0.0001060317,2.22222e-05,7.04762e-05,0,1.2698e-06,0,1.14286e-05,0,0.0003860317,0,0.0001803175,0,0.0003555556,0,0.0004253968,0,0.0008857143,0,0.0001092063,0,9.5238e-06,0,1.20635e-05,1.9048e-06,1.33333e-05,2.5397e-06,3.8095e-06,1.2698e-06,9.5238e-06,6.349e-07,7.619e-06,0,9.71429e-05,8.8889e-06,3.1746e-06,0,0.0119726984,0.0001034921,0.0295219048,4.19048e-05,0.0009739683,6.349e-07,0.0017701587,2.73016e-05,0.0010793651,3.1746e-06,0.0008273016,5.0794e-06,4.69841e-05,0,0.0003638095,6.349e-07,1.26984e-05,0,2.03175e-05,0
0,1.087e-06,3.58696e-05,0.0555271739,0.0003271739,0,6.5217e-06,0.0138130435,6.73913e-05,0.1430445652,0,0,7.6087e-06,0.0012619565,3.91304e-05,0.0180782609,0,0,0,0,5.4348e-06,0.00125,0.0001836957,0.0237630435,0.0001423913,0.1632673913,2.1739e-06,0.0892836957,0,7.6087e-06,0.0005847826,0.0018032609,0,2.1739e-06,0,1.087e-06,0,0,0,0,0,1.087e-06,0,4.3478e-06,0,0,0,1.087e-06,0,0,0,0,0,0,0,0,0,0,0,0,0,0,0,0,0,0,0,1.087e-06,0,0,8.6957e-06,0.0349423913,0,0.0133413043,0,7.28261e-05,0,0.0016880435,0,0,0,0,0,1.087e-06,0,0,0,0,0,0
0.066860915,3.03268e-05,0.1348057516,0.0024980392,0.0026094118,5.229e-07,0,0.0023043137,0.0066684967,9.1503e-06,0.0293037908,6.11765e-05,0.0986339869,0.0014206536,0.0013022222,1.35948e-05,0.0008520261,0,0.0010844444,0.0017720261,0,0,0.02124,0.0011430065,1.12418e-05,5.229e-07,0,0,0.0013644444,2.614e-07,0.0059315033,0.0010745098,0.0016839216,0.0016332026,0.0001275817,4.4444e-06,1.0458e-06,7.843e-07,1.3072e-06,0,1.5686e-06,0,1.51634e-05,2.614e-07,1.54248e-05,0,6.0131e-06,5.229e-07,2.19608e-05,0,5.98693e-05,0,2.8758e-06,0,0,0,0.00028,1.0719e-05,9.12418e-05,4.183e-06,0.0006698039,3.1373e-06,0.0022049673,1.93464e-05,5.01961e-05,5.229e-07,0.0005087582,1.41176e-05,9.15033e-05,1.0458e-06,0.0117733333,0.0003061438,0.0116515033,2.69281e-05,0.0035971242,7.0588e-06,0.0233796078,0.000259085,3.89542e-05,1.5686e-06,0.0016444444,3.1373e-06,5.229e-07,0,0.002905098,3.3987e-06,2.614e-07,0,0.0004426144,2.614e-07
3.6747e-05,0.0478689759,0.0024135542,0.2190722892,7.8313e-06,0.0038692771,0.0020810241,0,1.0241e-05,0.0032114458,0.0001084337,0.0297093373,0.0018620482,0.0856331325,6.6265e-06,0.0007129518,1.8072e-06,2.16867e-05,0.0003454819,0.0040024096,0,6.024e-07,0.0014960843,0.0149656627,3.9157e-06,6.9277e-06,0,0,6.9277e-06,9.3373e-06,8.7349e-06,0.0145027108,2.7108e-06,0.0085165663,1.8072e-06,5.12048e-05,0,6.3253e-06,0,6.024e-07,0,4.8193e-06,3.012e-07,5.7229e-06,6.024e-07,9.0361e-06,0,1.14458e-05,3.012e-07,1.20482e-05,6.024e-07,2.4096e-06,0,0,0,3.012e-07,1.59639e-05,0.000225,5.7229e-06,2.71084e-05,9.036e-07,0.000828012,3.6145e-06,0.0013165663,3.012e-07,0.0006533133,3.6145e-06,0.0001490964,3.012e-06,1.4759e-05,7.5e-05,0.0097409639,0.000110241,0.0007358434,1.71687e-05,0.00015,0.0001259036,0.0079743976,6.024e-07,2.4096e-06,3.012e-06,2.43976e-05,0,3.6145e-06,1.05422e-05,0.000828012,0,3.012e-07,2.4096e-06,0.00035
6.47399e-05,0,0.0849387283,0.0015144509,0.3533815029,0.0001861272,0.0604300578,0.0003052023,0,0.0008589595,0.0001260116,0,0.0458797688,0.0002034682,0.1428647399,0.0011780347,1.1561e-06,0,6.9364e-06,0,0.000134104,1.27168e-05,0.0159213873,0.0019560694,0.0295919075,0.0001445087,0.0023606936,0,0.0009445087,0,0.0004300578,0.0019930636,1.1561e-06,1.50289e-05,7.16763e-05,1.50289e-05,3.4682e-06,0,0,0,1.1561e-06,0,6.5896e-05,0,0.0001028902,0,3.69942e-05,0,0.0002439306,0,0.0004473988,0,1.96532e-05,0,1.1561e-06,0,1.84971e-05,1.1561e-06,1.15607e-05,4.6243e-06,1.04046e-05,0,1.84971e-05,0,6.9364e-06,0,6.47399e-05,5.7803e-06,6.9364e-06,1.1561e-06,0.0310473988,0.0001179191,0.0232797688,4.39306e-05,0.0025421965,4.6243e-06,0.0046763006,3.00578e-05,0.0006127168,1.1561e-06,7.51445e-05,1.1561e-06,1.1561e-06,0,3.00578e-05,0,1.1561e-06,0,1.1561e-06,0
0,0,0.0003172932,0.0583518797,0.0006526316,0.2249819549,0.0001443609,0.0301473684,0.0003488722,0,0,0,0.000118797,0.002324812,0.0001518797,0.0768330827,0,0,0,0,2.40602e-05,0.0004631579,0.0005774436,0.0373834586,0.0003082707,0.0631924812,0,0.0008481203,1.5038e-06,6.015e-06,0.0009729323,0.0098601504,0,7.06767e-05,0,1.5038e-06,0,0,0,0,0,0,0,0,0,0,0,0,0,0,0,0,0,0,0,0,0,0,0,0,0,0,0,0,0,0,1.5038e-06,0,0,0,2.70677e-05,0.0190030075,9.0226e-06,0.0043654135,1.5038e-06,4.81203e-05,4.5113e-06,0.0019428571,0,0,0,0,0,0,0,0,0,0,0,0
0.1006594872,1.94872e-05,0.03308,0.0004984615,3.58974e-05,0,0.1171815385,0.000505641,8e-05,1.0256e-06,0,3.79487e-05,0.1308194872,0.0003210256,0.0001148718,2.0513e-06,0.0924379487,0,0.0067158974,0.0004994872,0,0,0.0083415385,0.0001241026,5.1282e-06,0,2.0513e-06,0,0.0666605128,0,0.0001169231,5.33333e-05,0.0002605128,0.0004328205,5.02564e-05,2.0513e-06,0,0,1.0256e-06,0,0,0,5.1282e-06,0,5.1282e-06,0,3.0769e-06,1.0256e-06,1.84615e-05,0,4.51282e-05,0,0,0,0,0,0.0009507692,4.1026e-06,0.0001846154,2.0513e-06,0.0008287179,1.0256e-06,0.00304,1.64103e-05,3.28205e-05,0,0.0002,1.4359e-05,0.0005425641,2.15385e-05,0.020414359,4.41026e-05,0.0217579487,7.1795e-06,0.0022246154,4.1026e-06,0.0090420513,4.61538e-05,2.35897e-05,1.0256e-06,0.0035876923,1.0256e-06,0,0,0.0040451282,2.0513e-06,0,0,0.0007794872,0
3.0137e-05,0.2284621005,0.0007789954,0.0532310502,0,0,7.03196e-05,0.0940210046,0,2.7397e-06,3.653e-06,0,2.37443e-05,0.0472273973,0,2.7397e-06,9.132e-07,0.0197296804,0.0007826484,0.0253726027,0,4.5662e-06,5.57078e-05,0.0007424658,0,0,0,0,9.132e-07,0.0069808219,9.132e-07,0.0002228311,1.73516e-05,0.0091114155,4.5662e-06,4.93151e-05,0,9.1324e-06,0,9.132e-07,0,7.3059e-06,0,7.3059e-06,0,8.2192e-06,0,1.36986e-05,9.132e-07,1.18721e-05,1.8265e-06,2.7397e-06,0,0,0,0,1.00457e-05,0.0006082192,6.3927e-06,6.11872e-05,4.5662e-06,0.0029315068,1.8265e-06,0.0019607306,0,0.0028429224,6.3927e-06,0.0001844749,1.64384e-05,4.74886e-05,2.73973e-05,0.0106173516,1.82648e-05,0.0208986301,1.46119e-05,0.004339726,6.21005e-05,0.0267853881,9.132e-07,2.7397e-06,2.7397e-06,5.57078e-05,0,6.3927e-06,3.653e-06,0.0015205479,0,0,9.132e-07,0.0004447489
0.0035214171,8.0515e-06,0.0808012882,0.003857971,0.003752657,7.4074e-06,0.1721220612,0.0037552335,0.0136083736,6.53784e-05,0.0369252818,1.44928e-05,0,0.0020164251,0.0330618357,9.40419e-05,0.0004834138,1.6103e-06,0.0002953301,3.96135e-05,1.2882e-06,0,0.0485935588,0.0035584541,0.0001140097,5.475e-06,1.6103e-06,0,0.09032657,6.441e-07,0.0017880837,0.0039281804,0.0002151369,0.0003307568,0.0001697262,8.3736e-06,3.5427e-06,0,1.9324e-06,0,8.3736e-06,0,3.86473e-05,6.441e-07,3.1562e-05,3.221e-07,1.51369e-05,1.2882e-06,6.47343e-05,3.221e-07,0.0001243156,0,4.5089e-06,0,6.441e-07,0,0.0007207729,1.09501e-05,0.0001932367,3.5427e-06,0.000978744,6.441e-07,0.0024937198,6.1192e-06,2.47987e-05,0,0.00035781,1.41707e-05,0.0001400966,1.9324e-06,0.0882112721,0.0007587762,0.0838628019,8.21256e-05,0.012136876,1.12721e-05,0.0503951691,0.0005320451,0.0001645733,3.2206e-06,0.0005040258,6.1192e-06,1.2882e-06,0,0.0007829308,1.2882e-06,1.6103e-06,0,0.0001243156,3.221e-07
1.83623e-05,0.0093265509,0.0013101737,0.0321930521,5.45906e-05,0.0004550868,0.0012828784,0.1609334988,4.16873e-05,0.0037543424,3.82134e-05,0.0407746898,0.0010655087,0,1.68734e-05,0.02962134,9.926e-07,0.0006456576,8.28784e-05,0.0056853598,0,1.98511e-05,0.0010337469,0.0146084367,2.58065e-05,0.0002977667,0,1.9851e-06,3.67246e-05,0.0069320099,6.69975e-05,0.0195389578,1.9851e-06,0.0065727047,5.4591e-06,8.78412e-05,0,1.19107e-05,0,9.926e-07,0,6.4516e-06,4.963e-07,1.63772e-05,0,1.29032e-05,0,0.0001062035,9.926e-07,1.93548e-05,4.963e-07,4.9628e-06,4.963e-07,0,0,4.963e-07,3.4739e-06,0.0003598015,4.9628e-06,3.42432e-05,2.9777e-06,0.0013205955,2.9777e-06,0.0033225806,0,0.0005836228,1.04218e-05,0.0002327543,9.926e-07,6.10422e-05,7.79156e-05,0.1136188586,8.28784e-05,0.0754734491,2.53102e-05,0.0082317618,0.0001027295,0.0704148883,0,1.9851e-06,2.4814e-06,6.6005e-05,0,1.9851e-06,5.4591e-06,0.0005280397,0,0,9.926e-07,0.0001727047
0.0002845238,5.952e-07,0.007102381,0.000325,0.0917529762,0.0001279762,0.0031928571,2.97619e-05,0.0951452381,0.0002089286,1.96429e-05,0,0.0544928571,2.97619e-05,0,0.0002422619,5.3571e-06,0,2.14286e-05,5.952e-07,0.0056583333,1.84524e-05,0.0069541667,0.0004005952,0.0144119048,0.0001625,0.0104440476,0,0.04095,2.9762e-06,0.0005238095,0.0007255952,3.5714e-06,3.5714e-06,0.0002839286,4.22619e-05,3.63095e-05,0,5.3571e-06,0,7.1429e-06,0,0.0006035714,0,0.0003827381,5.952e-07,0.0004916667,0,0.0008946429,0,0.001777381,0,0.0001595238,0,1.0119e-05,0,0.0001059524,1.1905e-06,3.63095e-05,4.7619e-06,1.07143e-05,0,1.84524e-05,2.9762e-06,1.90476e-05,0,0.0002196429,1.60714e-05,3.5119e-05,0,0.0664642857,3.27381e-05,0.0837267857,1.90476e-05,0.0089869048,2.9762e-06,0.0161958333,1.19048e-05,0.0022577381,4.1667e-06,0.0007982143,1.66667e-05,0.0038232143,0,0.0002261905,7.7381e-06,4.1667e-06,0,2.14286e-05,0
0,1e-06,0.000272,0.014875,0.000734,0.014228,0.000103,0.003983,0.000377,0.071782,0,2e-06,0.000104,0.070701,0.000161,0,0,2e-06,0,2e-06,2.5e-05,0.000586,0.000559,0.016068,0.000322,0.011928,0,0.004607,6e-06,0.000567,0.001049,0.009175,0,4.8e-05,0,3e-06,0,2e-06,0,0,0,0,0,8e-06,0,1e-06,0,1e-06,0,1e-06,0,0,0,0,0,0,0,2e-06,0,2e-06,0,0,0,0,0,0,0,5e-06,0,1e-06,3.1e-05,0.065477,8e-06,0.027048,2e-06,0.000211,1e-06,0.006961,1e-06,0,0,1e-06,0,0,0,3e-06,0,0,0,0
0.1551761006,1.38365e-05,0.0033257862,6.91824e-05,5.0314e-06,0,0.0022150943,0.0001308176,1.63522e-05,0,0.0936754717,1.13208e-05,0.0055622642,6.91824e-05,2.26415e-05,0,0,1.2579e-06,0.0004628931,8.80503e-05,0,0,0.0014503145,2.26415e-05,1.2579e-06,0,0,0,0.1479572327,7.5472e-06,4.02516e-05,7.5472e-06,0.0004830189,9.55975e-05,0.0006855346,2.5157e-06,0,0,2.5157e-06,0,0,0,3.7736e-06,0,1.00629e-05,0,2.5157e-06,1.2579e-06,1.00629e-05,0,1.88679e-05,0,0,0,0,0,0.0928679245,8.1761e-05,0.0012427673,1.88679e-05,0.0005081761,0,0.0495886792,2.01258e-05,2.64151e-05,0,0.0026415094,6.79245e-05,0.0009496855,6.16352e-05,0.0075534591,1.25786e-05,0.0245257862,2.01258e-05,0.0011358491,2.5157e-06,0.0034792453,4.90566e-05,0.011909434,1.25786e-05,0.0193295597,1.50943e-05,0,0,0.0028968553,0,0,0,0.0002163522,0
8.163e-07,0.0248408163,4.0816e-06,0.0002293878,0,0,5.7143e-06,0.0001991837,0,0,0,0.0265853061,4.0816e-06,0.0014530612,0,2.449e-06,0,0,1.6327e-06,0.0007257143,0,8.163e-07,2.449e-06,5.71429e-05,0,8.163e-07,0,0,8.163e-07,0.0807183673,0,3.67347e-05,1.6327e-06,0.0012579592,5.7143e-06,9.38776e-05,0,0.0001346939,0,8.89796e-05,0,0,0,3.2653e-06,0,2.449e-06,0,0.0001330612,0,1.6327e-06,2.449e-06,0,0,0,0,0,4.57143e-05,0.0568889796,4.4898e-05,0.0002832653,1.14286e-05,0,2.449e-06,0.0314065306,3.2653e-06,0,3.42857e-05,0.0003134694,1.14286e-05,0.0009167347,1.6327e-06,0.0009812245,2.449e-06,0.0842620408,0,0.0024538776,3.2653e-06,0.0043110204,8.163e-07,0.0001795918,0,0.0126326531,0,0.0060555102,0,0.0003795918,0,0,0,1.6327e-06
0.0078613861,0.0017848185,0.0896105611,0.0429181518,7.2607e-06,0,0.0008561056,0.0028541254,2.6403e-06,0,0.0010468647,0.0006039604,0.0001320132,6.0066e-05,7.9208e-06,0,0.0001788779,1.3201e-06,0,0.0336026403,0,0,0.0102811881,3.69637e-05,3.9604e-06,0,0,0,0.0002752475,6.6007e-06,0.0156072607,2.37624e-05,0.1967775578,0.017040264,0.0005636964,2.6403e-06,1.3201e-06,6.601e-07,0,0,0,6.601e-07,7.9208e-06,6.601e-07,3.9604e-06,1.3201e-06,1.9802e-06,5.9406e-06,1.05611e-05,1.9802e-06,1.25413e-05,6.601e-07,0,0,0,0,4.48845e-05,4.9505e-05,3.82838e-05,5.9406e-06,1.45215e-05,5.9406e-06,0.0001933993,1.84818e-05,2.6403e-06,5.9406e-06,0.0010679868,2.9703e-05,0.0789346535,4.48845e-05,0.0036382838,0.0008448845,0.0039372937,0.000429703,0.0014435644,4.09241e-05,0.0106442244,0.0024825083,1.65017e-05,6.601e-07,0.0003544554,4.6205e-06,6.601e-07,0,0.0002277228,1.25413e-05,0,0,4.42244e-05,3.9604e-06
0.000307113,0.0066468619,0.0075150628,0.1571891213,8.368e-07,0,0.0008100418,0.0020861925,0,1.2552e-06,7.48954e-05,0.0040171548,1.75732e-05,0.0036096234,4.184e-07,3.3473e-06,9.6234e-06,4.10042e-05,0.0414217573,0,0,4.184e-07,0.0008138075,0.0150841004,8.368e-07,4.184e-07,0,0,6.2762e-06,0.0008054393,8.368e-07,0.0003594142,0.0014472803,0.1993108787,7.113e-06,0.0024167364,0,3.22176e-05,0,1.29707e-05,0,1.08787e-05,4.184e-07,4.35146e-05,0,2.76151e-05,0,5.89958e-05,1.6736e-06,3.84937e-05,4.184e-07,1.00418e-05,0,8.368e-07,0,4.184e-07,8.70293e-05,0.0044004184,2.00837e-05,0.0001016736,5.4393e-06,7.32218e-05,1.841e-05,0.0005849372,0,3.51464e-05,5.89958e-05,0.002007113,0.0087460251,0.0615263598,6.40167e-05,0.016232636,7.07113e-05,0.0074564854,2.76151e-05,0.0010389121,0.0001485356,0.0224066946,0,3.3473e-06,1.38075e-05,2.67782e-05,0,8.3682e-06,1.08787e-05,0.0001460251,0,0,3.7657e-06,2.38494e-05
0,0,1.6807e-06,0.0002184874,0.0311915966,6.89076e-05,0,1.34454e-05,2.68908e-05,0.000107563,0,0,0,2.35294e-05,0.0193815126,0.0001344538,0,0,0,0,0,7.56303e-05,4.87395e-05,0.0003109244,0.0237647059,0.0001058824,0.1338453782,0,0.0004672269,0,0.0307815126,0.0015613445,0,0,0,0,1.84874e-05,0,0,0,0.0006436975,0,6.72269e-05,0,1.6807e-06,0,8.7395e-05,0,8.4034e-06,0,3.19328e-05,0,1.68067e-05,0,5.042e-06,0,0,0,0,0,0,0,0,0,3.3613e-06,0,0,0,0,0,0.3060117647,4.70588e-05,0.0481596639,3.3613e-06,6.7227e-06,0,0.0001176471,1.6807e-06,5.042e-06,0,0.0001478992,0,5.37815e-05,0,0.0001294118,0,2.35294e-05,0,1.84874e-05,0
0,0,3.88889e-05,0.005475,0.0002055556,0.0196222222,1.11111e-05,8.88889e-05,6.11111e-05,0.0042416667,0,0,2.5e-05,0.0003166667,5.27778e-05,0.0038916667,0,0,0,0,7.77778e-05,0,9.72222e-05,0.0127555556,9.44444e-05,0.0542805556,5.5556e-06,0.0064083333,2.7778e-06,2.7778e-06,0.0007277778,0.0465472222,0,5.5556e-06,2.7778e-06,2.7778e-06,0,0,0,0,0,1.11111e-05,0,0,0,0,0,0,0,0,0,0,0,0,0,0,0,0,0,0,0,0,0,0,0,0,0,0,0,0,0.0001833333,0.2759583333,2.22222e-05,0.0180916667,0,0.0004444444,0,0.0002,2.7778e-06,0,0,0,0,2.7778e-06,0,0,0,0,0,0
0.0002647215,6.9496e-05,0.3494896552,0.0068949602,0.0243867374,0.0001798408,0.0487209549,0.0054970822,0.0041061008,0.0008944297,0.0039591512,0.0001755968,0.027662069,0.0041257294,0.0063411141,0.0011442971,0.0001904509,5.305e-07,0.0119352785,0.0014509284,3.12997e-05,3.7135e-06,0,0.0066657825,0.014934748,0.0001835544,0,0,0.0029124668,5.305e-07,0.0394647215,0.0103352785,0.0094169761,0.00173687,0.0001087533,5.8355e-06,0,0,0,0,1.5915e-06,5.305e-07,6.366e-06,0,1.11406e-05,0,2.122e-06,2.122e-06,3.55438e-05,5.305e-07,5.88859e-05,5.305e-07,2.6525e-06,0,0,0,9.76127e-05,5.8355e-06,2.49337e-05,3.183e-06,2.38727e-05,1.11406e-05,6.1008e-05,8.54111e-05,2.6525e-06,1.5915e-06,0.0008981432,2.06897e-05,7.63926e-05,3.183e-06,0.0142938992,0.0009809019,0.0081628647,0.0001909814,0.0011172414,2.17507e-05,0.0064870027,0.0006525199,8.59416e-05,5.305e-07,0.0001649867,4.7745e-06,1.061e-06,0,0.0001511936,8.4881e-06,5.305e-07,0,3.07692e-05,1.061e-06
2.49322e-05,0.0002124661,0.0062509485,0.3247940379,0.0022715447,0.0141252033,0.005499187,0.0475777778,0.0012108401,0.0083756098,0.000103523,0.0012764228,0.0056406504,0.020901355,0.0004943089,0.0114330623,3.794e-06,7.5881e-06,0.0003273713,0.0309468835,8.29268e-05,0.0017723577,0.0058444444,0,0.0009897019,0.0434249322,1.084e-06,5.42e-07,5.90786e-05,1.626e-06,0.0035517615,0.1478585366,4.878e-06,0.1205116531,1.084e-06,9.8103e-05,0,3.794e-06,0,5.42e-07,0,2.168e-06,0,3.252e-06,0,4.878e-06,0,5.4201e-06,0,7.0461e-06,1.084e-06,1.084e-06,0,0,0,0,1.626e-06,2.71003e-05,1.626e-06,1.02981e-05,1.626e-06,3.73984e-05,5.4201e-06,0.0004314363,0,1.40921e-05,1.626e-06,0.0001501355,1.626e-06,1.19241e-05,0.0003533875,0.0164672087,0.0002070461,0.0016460705,2.60163e-05,0.0001295393,0.0002119241,0.0047306233,5.42e-07,1.626e-06,5.4201e-06,1.46341e-05,0,2.71e-06,1.19241e-05,5.58266e-05,0,0,3.794e-06,6.5041e-06
2.70833e-05,0,0.01386875,0.00289375,0.2838666667,0.0007645833,0.0003333333,0.0003854167,0.010225,0.0012875,0,0,0.00031875,0.0002708333,0.0099145833,0.0015729167,0,0,4.1667e-06,0,0.02965625,0.0001583333,0.08728125,0.00413125,0,0.0011979167,0.14023125,0,0.0016520833,0,0.031825,0.008825,2.0833e-06,1.66667e-05,0.0001291667,3.125e-05,0.0001291667,0,4.1667e-06,0,7.91667e-05,0,0.0006645833,0,0.0003020833,0,0.0005229167,0,0.0007270833,0,0.0013604167,0,0.0001541667,0,1.45833e-05,0,8.3333e-06,0,1.04167e-05,2.0833e-06,2.0833e-06,0,0,0,1.66667e-05,0,7.08333e-05,1.45833e-05,2.0833e-06,0,0.1052583333,0.0002125,0.0534541667,6.25e-05,0.0017979167,6.25e-06,0.00204375,6.66667e-05,0.001275,2.0833e-06,0.00104375,8.3333e-06,9.375e-05,0,0.0004895833,6.25e-06,3.125e-05,0,2.5e-05,0
0,0,0.0001260504,0.0044378151,0.002389916,0.167807563,3.27731e-05,8.4034e-06,0.0002680672,0.0183327731,0,0,3.52941e-05,0.0008722689,0.0002319328,0.006897479,0,0,0,0,0.000112605,0.0200781513,0.0009042017,0.0557512605,0.0011084034,0,1.6807e-06,0.0706058824,8.403e-07,1.51261e-05,0.0049168067,0.0879865546,0,5.8824e-06,0,0,0,0,0,0,0,0,0,1.6807e-06,0,0,0,1.6807e-06,0,1.6807e-06,0,8.403e-07,0,0,0,0,0,0,0,0,0,0,0,0,0,0,0,0,0,0,5.96639e-05,0.0438890756,2.18487e-05,0.0047445378,1.6807e-06,3.78151e-05,2.521e-06,0.0006621849,0,0,0,0,0,0,0,0,0,0,0,0
0,0,9.804e-07,0,0.2206686275,0,0,0,0.0034127451,0,0,0,3.9216e-06,0,0.0347941176,0,0,0,9.804e-07,0,0.0676745098,0,0,0,0.1007411765,3.9216e-06,0,0.010927451,0.00175,0,0.00035,9.804e-07,0,0,4.902e-06,0,0.0001029412,0,0,0,7.94118e-05,0,0.0002872549,0,2.7451e-05,0,0.0003558824,0,6.96078e-05,0,0.0002205882,0,9.11765e-05,0,1.86275e-05,0,0,0,0,0,9.804e-07,0,9.804e-07,0,0,0,9.804e-07,9.804e-07,0,0,0.0470754902,0,0.0476833333,0,6.27451e-05,0,0.0004833333,0,8.23529e-05,0,0.0008539216,0,0.0001039216,0,0.0004303922,0,2.94118e-05,0,3.33333e-05,0
0,0,0,0,1.125e-05,0.09704875,0,0,0,0.00114125,0,0,0,4.375e-05,0,0.0041875,0,0,0,0,0,0.0047275,0,1.25e-06,2.5e-06,0.07216375,0.0301925,0,0,1.25e-06,1.25e-06,1.5e-05,0,0,0,0,0,0,0,0,0,0,0,0,0,0,0,0,0,0,0,0,0,0,0,0,0,0,0,0,0,0,0,0,0,0,0,0,0,0,0,0.006115,0,0.0099725,0,2.5e-06,0,2.5e-06,0,0,0,0,0,0,0,0,0,0,0,0
0.0044521401,6.2257e-06,0.0012101167,1.24514e-05,0.0323789883,0,0.0013750973,1.63424e-05,0.0011354086,7.782e-07,0.0433377432,0,0.0606365759,1.71206e-05,0.0502256809,0,0.0786684825,0,0.0001159533,1.78988e-05,0.0001097276,7.782e-07,0.0008770428,1.16732e-05,0.0007945525,0,0.0078350195,0,0,4.6693e-06,1.8677e-05,3.26848e-05,0.0001501946,1.71206e-05,0.0001307393,2.33463e-05,2.25681e-05,7.782e-07,1.5564e-06,0,5.4475e-06,0,0.0007750973,0,0.0001081712,0,0.0008700389,0,0.0002863813,0,0.0008326848,0,0.0003042802,0,1.40078e-05,0,0.0187361868,9.3385e-06,0.0004801556,7.0039e-06,0.0003416342,7.782e-07,0.0011719844,1.5564e-06,1.71206e-05,0,0.0003680934,7.7821e-06,0.0003252918,1.78988e-05,0.0132614786,7.0039e-06,0.0826396887,8.5603e-06,0.0039774319,1.5564e-06,0.0098108949,1.40078e-05,0.0008,1.5564e-06,0.0041330739,8.5603e-06,0.0008466926,0,0.0007361868,2.3346e-06,0.0002941634,0,0.0001299611,0
1.5385e-06,0.0007892308,3.0769e-06,0.0001138462,0,6.1538e-06,0,5.84615e-05,0,4.6154e-06,0,0.0089246154,0,0.0141123077,0,0.0002323077,0,0.0804276923,4.6154e-06,0.0026461538,0,0,0,1.23077e-05,0,4.6154e-06,0,4.6154e-06,0,0,1.5385e-06,4.6154e-06,3.0769e-06,0.0055230769,0.00014,0.0013276923,0,0.0007861538,0,0.0004092308,0,4.6154e-06,4.6154e-06,4.46154e-05,1.07692e-05,3.84615e-05,0,0.00056,3.53846e-05,2.30769e-05,9.2308e-06,9.2308e-06,0,0,0,0,0.0002553846,0.0274676923,0.0001261538,0.0012384615,1.38462e-05,1.53846e-05,3.0769e-06,0.0062538462,3.0769e-06,2.46154e-05,0.0001323077,0.0017723077,6.76923e-05,0.0043661538,0,0.0007876923,7.6923e-06,0.1386938462,1.5385e-06,0.0009661538,3.0769e-06,0.0051553846,9.2308e-06,0.0045907692,4.6154e-06,0.0164861538,0,9.07692e-05,6.1538e-06,0.0004,0,0,0,0
1.84971e-05,0,0.0422543353,0.0018289017,0.0078924855,0.0011572254,0.0078855491,9.82659e-05,0.0002404624,0.001083237,4.85549e-05,2.3121e-06,0.0020277457,0.0001572254,0.0003526012,0.0011028902,6.47399e-05,0,0.0006971098,0.0001063584,0.0241988439,0.000132948,0.0741017341,0.0033560694,0.0312543353,0.0027803468,0.0018601156,0,0.0001375723,0,0,0.0133537572,0.0786809249,0.0001213873,0.0013375723,0,3.4682e-06,0,0,0,1.7341e-05,0,5.7803e-06,1.1561e-06,2.3121e-06,0,4.6243e-06,0,5.7803e-06,0,3.4682e-06,0,0,0,0,0,2.42775e-05,2.3121e-06,4.85549e-05,1.1561e-06,1.27168e-05,0,3.69942e-05,2.3121e-06,0,0,0.0070947977,8.0925e-06,0.0001445087,0,0.0579606936,0.0001433526,0.0018589595,3.23699e-05,4.39306e-05,0,0.000350289,2.19653e-05,1.84971e-05,1.1561e-06,6.35838e-05,0,2.3121e-06,0,3.23699e-05,0,1.1561e-06,0,2.3121e-06,0
1.48867e-05,2.39482e-05,0.0175889968,0.0830673139,0.0066375405,0.0065521036,0.0175799353,0.0203462783,0.0014919094,0.0059411003,2.8479e-05,6.73139e-05,0.0141145631,0.0146420712,0.0008711974,0.0079624595,6.472e-07,3.8835e-06,6.34304e-05,0.0004834951,0.000371521,0.0107391586,0.0190815534,0.1584802589,0.0033566343,0.0455980583,1.9417e-06,9.38511e-05,0.0003080906,3.2362e-06,0.0106012945,0,1.9417e-06,0.0903644013,6.472e-07,9.90291e-05,0,6.472e-07,0,0,0,0,2.589e-06,1.2945e-06,1.9417e-06,1.9417e-06,6.472e-07,1.22977e-05,2.589e-06,3.8835e-06,3.2362e-06,1.9417e-06,0,0,0,0,2.589e-06,1.68285e-05,6.472e-07,3.8835e-06,0,5.178e-06,3.2362e-06,2.589e-05,0,0,3.8835e-06,9.38511e-05,6.472e-07,5.8252e-06,0.0011456311,0.0088880259,0.0002394822,0.0015598706,3.43042e-05,0.0001417476,0.0003003236,0.0042614887,1.2945e-06,0,2.589e-06,6.472e-07,0,0,5.178e-06,2.589e-06,0,0,1.9417e-06,6.472e-07
3.70149e-05,6.26866e-05,0.006558209,0.00128,5.97e-07,0,0.0017480597,0.00012,5.97e-07,0,3.16418e-05,1.49254e-05,0.0003570149,1.31343e-05,4.1791e-06,0,0.0002847761,0,0.088841791,0.0024823881,0,0,0.0119283582,1.91045e-05,0,0,0,0,9.55224e-05,4.7761e-06,0.0512883582,1.37313e-05,0,0.0018716418,0.0179576119,1.791e-06,5.97e-07,5.97e-07,2.3881e-06,5.97e-07,5.97e-07,0,1.43284e-05,1.194e-06,1.791e-06,0,5.97e-07,5.97e-07,5.9701e-06,0,8.9552e-06,0,0,0,5.97e-07,0,0.0002543284,9.73134e-05,0.0002591045,1.07463e-05,7.8806e-05,5.97e-07,0.0001361194,7.1642e-06,1.01493e-05,0,0.0524358209,4.77612e-05,0.0810829851,0.0006244776,0.0007432836,3.64179e-05,0.0009564179,1.97015e-05,0.0001253731,2.3881e-06,0.0010167164,7.16418e-05,8.95522e-05,5.9701e-06,0.0002656716,7.1642e-06,5.97e-07,0,8.35821e-05,5.97e-07,0,0,4.7761e-06,0
0.0001622642,0.0004507719,0.0108360206,0.0267581475,1.3722e-06,3.431e-07,0.0013910806,0.0067516295,1.7153e-06,1.3036e-05,0.0001221269,0.0009245283,0.0005989708,0.0030202401,1.3722e-06,2.50429e-05,1.88679e-05,4.21955e-05,0.0063368782,0.1101958834,0,6.861e-07,0.0022048027,0.0478610635,3.431e-07,3.431e-07,0,0,1.33791e-05,0.0002507719,5.1458e-06,0.0515571184,0.0001433962,0,4.11664e-05,0.0440480274,0,0.000115952,0,8.81647e-05,0,3.7736e-06,3.431e-07,0.0005259005,6.861e-07,3.05317e-05,0,0.0004075472,3.4305e-06,2.05832e-05,9.9485e-06,1.3722e-06,3.431e-07,0,0,0,0.0015128645,0.0100692967,0.0008445969,0.0003890223,0.0001169811,1.57804e-05,2.36707e-05,0.0003337907,2.02401e-05,4.4597e-06,0.0004202401,0.0798946827,0.0021111492,0.0356181818,0.000115952,0.0036277873,0.000219211,0.0013965695,4.18525e-05,0.0002092624,0.0002658662,0.0059423671,1.54374e-05,0.0001025729,3.43053e-05,0.0001269297,0,1.7153e-06,2.74443e-05,5.59177e-05,0,0,3.7736e-06,6.8611e-06
4e-05,2.11765e-05,0.0002517647,9.05882e-05,9.41176e-05,0,0.00012,2.11765e-05,4.35294e-05,1.1765e-06,1.52941e-05,2.11765e-05,0.0001611765,3.17647e-05,0.0001988235,7.0588e-06,0.0016270588,2.3529e-06,0.0001929412,7.76471e-05,0,0,0.0001976471,9.4118e-06,7.88235e-05,0,4.7059e-06,0,0.0003258824,0.0010682353,0.0012576471,3.5294e-06,0.0264647059,0.0002835294,0,0.2999717647,0.0201858824,0.0057988235,0.0050611765,2.58824e-05,3.05882e-05,9.17647e-05,0.1216917647,0.0291870588,0.0435105882,0.06498,0.0188858824,0.00022,0.0686823529,0.0594164706,0.0296117647,0.0024788235,0.0001341176,0.0005552941,0.0002517647,0.0001094118,5.64706e-05,0.0002541176,0.0323858824,0.0019741176,0.0023576471,9.52941e-05,0.0005,0.0003294118,0.0013941176,6.47059e-05,0.4280788235,0.1224105882,0.0002188235,4.7059e-06,0.0011729412,0.0004964706,0.0060705882,0.0071658824,0.0019247059,0.0011929412,0.0068870588,0.0030929412,0.0136176471,0.0034917647,0.0114376471,0.0073141176,9.4118e-06,4.58824e-05,0.0076788235,0.0024494118,2.3529e-06,4.7059e-06,0.0013682353,0.0001870588
1.3423e-06,0.0001449664,2.01342e-05,0.0008053691,1.87919e-05,0,5.3691e-06,0.0001234899,1.3423e-06,2.6846e-06,1.3423e-06,0.0001234899,1.20805e-05,0.000157047,3.08725e-05,8.0537e-06,2.55034e-05,1.74497e-05,0.0010751678,0.0024966443,0,1.3423e-06,1.47651e-05,8.5906e-05,1.20805e-05,0,1.3423e-06,0,4.02685e-05,0.0037610738,0,5.36913e-05,1.87919e-05,0.118842953,0.3259208054,0,0.0048013423,0.0284308725,5.2349e-05,0.0015637584,1.3423e-06,0.0001543624,0.0568926174,0.0762630872,0.029409396,0.1313409396,0.0001959732,0.0205087248,0.063166443,0.1107449664,0.028642953,0.0049543624,0.0001154362,0.0009060403,1.74497e-05,0.0002120805,0.0002442953,0.001852349,0.0078644295,0.0046255034,0.0002040268,9.5302e-05,8.0537e-06,0.0014697987,0.0003100671,0.0001436242,0.0994187919,0.5134684564,0.0010107383,0.001938255,2.81879e-05,0.0024939597,0.000609396,0.030147651,0.0001463087,0.0069275168,0.0001838926,0.0118671141,0.0012926174,0.0093946309,0.0005221477,0.0225879195,1.3423e-06,6.30872e-05,0.0011100671,0.0070375839,1.3423e-06,2.6846e-06,0.0001919463,0.0003463087
6.969e-07,0,0,0,1.32404e-05,0,6.969e-07,0,0,0,0,0,0,0,6.969e-07,0,0,0,0,0,0,0,0,0,9.0592e-06,0,8.3624e-06,0,2.78746e-05,0,0,0,0,0,0.0057616725,0.0004195122,0,0.0002425087,0.0580445993,0,0.0258522648,0,3.55401e-05,0,2.7875e-06,0,0.0060508711,0,1.11498e-05,0,7.66551e-05,0,4.80836e-05,0,0.0352327526,0,1.3937e-06,0,1.3937e-06,0,0,0,0,0,0,0,0.0026313589,0.0002034843,0,0,9.0592e-06,0,0.0056885017,0,3.34495e-05,0,0.0172181185,0,4.1812e-06,0,0.0006655052,0,0.0012362369,0,0.0120912892,0,0.0014362369,0,0.0169505226,0
0,1.31488e-05,6.92e-07,4.29066e-05,0,6.92e-07,0,1.45329e-05,0,1.3841e-06,0,1.24567e-05,0,1.03806e-05,0,2.0761e-06,1.3841e-06,1.86851e-05,3.4602e-06,5.88235e-05,0,0,0,2.0761e-06,0,0,0,0,0,0.0002629758,0,1.3841e-06,0,0.0002013841,8.99654e-05,0.0092885813,0,0,0,0.124066436,0,0.0771245675,2.14533e-05,0.0017536332,4.1522e-06,0.0003252595,0,0.0031197232,1.10727e-05,0.0003301038,6.2284e-06,6.43599e-05,0,5.32872e-05,0,0.0153273356,3.4602e-06,0.0003342561,4.22145e-05,0.0002283737,1.10727e-05,2.7682e-06,1.3841e-06,0.0001550173,1.3841e-06,3.4602e-06,6.50519e-05,0.0075771626,2.0761e-06,4.70588e-05,6.92e-07,0.0003605536,2.7682e-06,0.0012346021,2.0761e-06,0.0010415225,1.3841e-06,0.027033218,7.6125e-06,5.74394e-05,6.9204e-06,0.0023557093,0,0.024199308,3.4602e-06,0.0203979239,0,0.0128906574,6.92e-07,0.000999308
6.667e-07,0,0,6.667e-07,6.667e-07,0,6.667e-07,0,6.667e-07,0,0,0,6.667e-07,0,2.6667e-06,0,1.3333e-06,0,0,6.667e-07,0,0,0,0,2e-06,0,0,0,1e-05,6.667e-07,0,0,6.667e-07,2e-06,0.0078553333,8.73333e-05,0.060668,6.667e-07,0,0,0.024086,0,0.0123146667,6e-06,0.0008893333,8.6667e-06,0.100062,0,0.0006633333,8.6667e-06,0.000182,0,2.6667e-06,6.667e-07,0.0897266667,0,6.667e-07,1.3333e-06,0.0003913333,1.33333e-05,4.06667e-05,6.667e-07,1.2e-05,6.667e-07,5.06667e-05,6.667e-07,0.0206826667,3.4e-05,0,0,4e-06,4e-06,0.0001093333,1.4e-05,1.8e-05,1.3333e-06,3.73333e-05,6.6667e-06,0.000308,1.13333e-05,0.000312,2.13333e-05,0.0002533333,0,0.0004406667,8e-06,1.53333e-05,0,0.001206,0
0,6.1798e-06,0,5.0562e-06,0,0,0,2.2472e-06,0,0,0,0,0,2.809e-06,0,5.618e-07,0,1.51685e-05,0,2.75281e-05,0,0,0,5.618e-07,0,0,0,0,0,0.0001674157,0,5.618e-07,0,0.000144382,4.04494e-05,0.0007252809,0,0.1519808989,0,0,0,0.013458427,5.33708e-05,0.0074382022,1.1236e-06,9.49438e-05,0,0.0745994382,7.3034e-06,8.98876e-05,2.2472e-06,4.21348e-05,0,0.0002123596,0,0.10165,3.3708e-06,0.0002219101,2.24719e-05,0.0001134831,6.1798e-06,0,0,8.53933e-05,0,5.618e-07,3.70787e-05,0.0260022472,1.6854e-06,3.82022e-05,5.618e-07,6.40449e-05,2.809e-06,0.0001853933,5.618e-07,0.0001842697,1.6854e-06,0.003058427,2.2472e-06,2.75281e-05,5.618e-07,8.82022e-05,0,0.0014735955,5.618e-07,0.0001207865,0,0.0018786517,5.618e-07,6.79775e-05
0,0,2.0833e-06,0,2.70833e-05,0,2.0833e-06,0,2.0833e-06,0,0,0,1.04167e-05,0,4.1667e-06,0,0,0,2.0833e-06,0,6.04167e-05,0,2.0833e-06,0,2.5e-05,0,1.66667e-05,0,4.375e-05,0,6.25e-06,0,0,0,1.45833e-05,4.1667e-06,0.0882645833,0,0.1297708333,0,0,0,0.0003916667,0,0.0001125,0,0.00013125,0,0.0002666667,0,0.0005708333,0,5.83333e-05,0,0.0016604167,0,2.0833e-06,0,1.25e-05,0,2.0833e-06,0,0,0,8.3333e-06,0,2.91667e-05,4.1667e-06,0,0,0.00065,0,0.0223979167,0,0.0022104167,0,0.0068916667,0,8.75e-05,0,9.58333e-05,0,0.0102270833,0,0.001125,0,0.000225,0,0.0005125,0
0,0.0001123596,1.79775e-05,0.0006629213,0,0,6.7416e-06,0.0001550562,0,2.2472e-06,0,7.86517e-05,6.7416e-06,0.0001550562,0,1.79775e-05,0,2.2472e-06,2.69663e-05,0.0004719101,0,2.2472e-06,4.4944e-06,5.39326e-05,0,2.2472e-06,0,0,0,0,0,4.04494e-05,0,0.0002606742,0.0003707865,0.0007235955,0,0.1977101124,0,0.0493191011,0,0,5.16854e-05,0.0027078652,2.24719e-05,0.0019955056,0,0.0009730337,2.92135e-05,0.0029977528,1.79775e-05,0.0008651685,0,2.69663e-05,0,0.0396516854,0,1.1236e-05,0.0001078652,7.86517e-05,1.34831e-05,2.2472e-06,2.2472e-06,4.4944e-06,2.2472e-06,4.4944e-06,0.0001550562,0.0009146067,0,1.1236e-05,0,0.0048561798,1.34831e-05,0.0362404494,2.2472e-06,0.0503280899,1.1236e-05,0.031694382,1.79775e-05,8.98876e-05,4.4944e-06,0.0008382022,0,0.258447191,2.2472e-06,0.0068337079,0,0.0118044944,0,0.0001033708
5.517e-07,0,3.8621e-06,0,0.000128,0,1.3793e-06,0,8.5517e-06,0,0,0,7.7241e-06,2.759e-07,6.78621e-05,0,4.4138e-06,0,2.759e-07,2.759e-07,1.3793e-06,0,5.2414e-06,0,8e-05,0,4.63448e-05,0,0.0009688276,1.6e-05,2.759e-07,0,8.276e-07,6.8966e-06,0.0305884138,0.0089238621,0.0001070345,5.7931e-06,0.0028488276,2.4828e-06,7.25517e-05,4.9655e-06,0,0.0265390345,0.0875624828,0.0034433103,0.148998069,0.0032717241,0.0554471724,0.0029092414,0.03288,6.06897e-05,0.0100755862,4.02759e-05,0.001377931,4.27586e-05,5.517e-07,3.3103e-06,0.0005117241,2.4e-05,5.76552e-05,8.276e-07,1.48966e-05,3.3103e-06,6.67586e-05,5.517e-07,0.0665972414,0.0051426207,0,2.759e-07,6.97931e-05,4.1379e-06,0.0017051034,0.0001966897,0.0001547586,2.28966e-05,0.0005034483,3.22759e-05,0.000622069,2.23448e-05,0.002446069,0.0001831724,5.4069e-05,2.7586e-06,0.0026245517,0.0001748966,2.23448e-05,3.8621e-06,0.000425931,1.35172e-05
2.167e-07,1.32178e-05,8.667e-07,4.70206e-05,0,5.2004e-06,1.3001e-06,1.2351e-05,2.167e-07,6.501e-07,0,1.06176e-05,8.667e-07,1.34345e-05,4.334e-07,3.467e-06,0,4.334e-07,2.1668e-06,3.18527e-05,0,0,6.501e-07,3.9003e-06,0,3.2503e-06,0,1.7335e-06,4.334e-07,0.0012927411,0,3.467e-06,0,5.00542e-05,0.0054032503,0.0087592633,2.10184e-05,0.0013347779,1.3001e-06,0.0017618635,0,0.0008030336,0.0469514626,0,0.0016455038,0.1202873239,0.0045690141,0.1699631636,0.0017544962,0.0721356446,0.0008305525,0.0209224269,3.2503e-06,0.0125475623,2.167e-07,0.0193471289,2.167e-07,6.0672e-06,4.52871e-05,2.25352e-05,8.667e-07,2.6002e-06,2.167e-07,1.21343e-05,3.6836e-06,3.467e-06,0.0020294691,0.0560446371,1.0834e-06,2.1668e-06,4.334e-07,0.0005074756,5.4171e-06,0.0260751896,8.667e-07,0.002092091,2.3835e-06,0.0049501625,8.6674e-06,0.0002218852,4.7671e-06,0.0360858072,0,0.0005081257,1.19177e-05,0.0456949079,0,0.0007490791,2.167e-07,0.0121646804
6.7925e-06,7.547e-07,2.56604e-05,4.5283e-06,0.0001954717,0,8.3019e-06,7.547e-07,4.22642e-05,0,1.5094e-06,0,8e-05,7.547e-07,0.0003509434,0,7.547e-07,0,7.547e-07,3.0189e-06,7.547e-07,0,2.86792e-05,0,0.0001449057,0,2.11321e-05,0,0.0008716981,4.67925e-05,0,7.547e-07,0,2.2642e-06,0.0417607547,0.0280603774,2.64151e-05,2.56604e-05,0.0006671698,4.5283e-06,8.67925e-05,8.3019e-06,0.2113169811,0.0061064151,0,0.0629396226,0.0058996226,1.88679e-05,0.2998535849,0.0108966038,0.0458377358,0.0003962264,0.0005728302,0.00012,0.0001607547,2.49057e-05,1.5094e-06,2.2642e-06,0.0017101887,7.77358e-05,2.33962e-05,3.0189e-06,3.32075e-05,9.8113e-06,6.49057e-05,4.5283e-06,0.0822958491,0.0135033962,0,0,0.0001479245,2.49057e-05,0.0057064151,0.0004754717,0.0016656604,5.66038e-05,0.0010845283,0.0001833962,0.0052671698,0.0002181132,0.00308,0.0005215094,2.26415e-05,2.2642e-06,0.0043011321,0.0002467925,1.50943e-05,7.547e-07,0.0009856604,3.32075e-05
3.724e-07,1.527e-05,3.724e-07,5.66108e-05,0,3.724e-07,3.724e-07,1.71322e-05,0,3.724e-07,0,9.311e-06,0,1.37803e-05,3.724e-07,1.4898e-06,0,3.724e-07,2.6071e-06,3.83613e-05,0,0,0,4.0968e-06,0,3.724e-07,0,0,1.1173e-06,0.0003027933,0,1.4898e-06,7.449e-07,4.05959e-05,0.0427005587,0.0605288641,0.0006134078,0.0007359404,8.1937e-06,0.0001042831,0,0.0001348231,0.0092506518,0.2466212291,0.0466994413,0,2.49534e-05,0.0029888268,0.0067422719,0.287132216,0.0025094972,0.0276744879,7.0764e-06,0.0087050279,1.8622e-06,0.0047903166,0,6.89013e-05,4.76723e-05,0.0026744879,1.8622e-06,0.000218622,0,6.85289e-05,1.00559e-05,0.001249162,0.0190171322,0.178203352,7.449e-07,7.449e-07,3.724e-07,0.0003150838,7.8212e-06,0.0083277467,2.6071e-06,0.0010577281,1.8622e-06,0.0034312849,7.0764e-06,0.0027869646,5.5866e-06,0.0181255121,0,7.78399e-05,3.01676e-05,0.0209668529,0,7.11359e-05,5.2142e-06,0.0060945996
9.792e-07,0,3.1824e-06,2.448e-07,0.0005750306,0,3.4272e-06,0,1.76255e-05,0,2.448e-07,0,6.12e-06,2.448e-07,0.0001919217,0,4.4064e-06,0,7.344e-07,0,4.6512e-06,0,1.224e-06,0,0.000301836,2.448e-07,0.0002384333,0,0.0040259486,1.7136e-06,9.792e-07,4.896e-07,9.792e-07,2.448e-06,0.0052470012,8.49449e-05,0.0018504284,9.792e-07,0.024478825,2.448e-07,0.000180661,0,0.1427919217,0.0032966952,0.0026066095,1.15055e-05,0,0.0003723378,0.0034536108,9.7919e-06,0.0295082007,2.448e-07,0.0394692778,0,0.0891911873,0,0,1.4688e-06,0.0002585067,1.10159e-05,2.74174e-05,4.896e-07,1.07711e-05,1.4688e-06,4.01469e-05,0,0.0476305998,3.28029e-05,2.448e-07,0,0.0002264382,9.792e-07,0.0055532436,1.34639e-05,0.0001618115,1.9584e-06,0.0018085679,6.12e-06,0.0002002448,6.6095e-06,0.0113532436,1.9339e-05,0.0002376989,0,0.0120829865,7.0991e-06,7.93146e-05,0,0.0021074663,2.448e-07
0,9.792e-07,2.448e-07,9.7919e-06,0,1.4688e-06,0,2.9376e-06,2.448e-07,2.448e-07,0,9.792e-07,0,4.1616e-06,7.344e-07,1.4688e-06,0,7.344e-07,7.344e-07,8.5679e-06,0,0,2.448e-07,1.224e-06,0,7.344e-07,0,7.344e-07,2.448e-07,0.0002115055,0,7.344e-07,0,0.0001052632,5.28764e-05,0.0017343941,0,0.0036724602,0,0.0212017136,0,0.0002489596,0.0059740514,0.2033189718,1.51775e-05,0.002953978,0.001475153,0,9.3023e-06,0.0030670747,6.3647e-06,0.0029436965,0,0.0141059976,0,0.0795106487,9.792e-07,1.37087e-05,1.56671e-05,2.74174e-05,9.792e-07,9.792e-07,0,1.37087e-05,1.224e-06,1.224e-06,2.96206e-05,0.0702695226,9.792e-07,3.672e-06,0,0.0001130967,2.9376e-06,0.0045231334,1.224e-06,0.0004766218,9.792e-07,0.0013339045,4.1616e-06,6.36475e-05,2.448e-07,0.0052227662,0,0.0002903305,9.792e-07,0.0071507956,0,0.0002026928,0,0.000744186
1.81269e-05,0,3.02115e-05,1.08761e-05,0.0002271903,0,3.08157e-05,2.4169e-06,5.55891e-05,0,4.2296e-06,6.042e-07,0.0001317221,3.6254e-06,0.0004416918,6.042e-07,6.0423e-06,0,1.2085e-06,8.4592e-06,6.042e-07,0,3.50453e-05,1.2085e-06,0.0001570997,0,2.59819e-05,0,0.000823565,0.0001891239,6.042e-07,1.8127e-06,0,8.4592e-06,0.0618888218,0.0432314199,3.14199e-05,3.14199e-05,0.0007879154,3.6254e-06,0.0001045317,1.75227e-05,0.0836320242,0.0041359517,0.1630453172,0.0106265861,0.0033021148,3.98792e-05,0,0.0103371601,0.2102652568,0.0007148036,0.0006882175,0.0001377644,0.0001039275,2.9003e-05,6.0423e-06,9.6677e-06,0.0406936556,0.0002664653,0.00021571,9.0634e-06,0.0001848943,5.98187e-05,0.0031232628,1.87311e-05,0.1039480363,0.0139401813,0,0,0.0001679758,9.00302e-05,0.0069033233,0.0012598187,0.0018048338,0.0001746224,0.0012422961,0.0005425982,0.0105075529,0.0006277946,0.0070332326,0.0012719033,2.29607e-05,1.20846e-05,0.0113069486,0.0004694864,1.69184e-05,6.042e-07,0.0029135952,5.37764e-05
0,3.47395e-05,9.926e-07,9.18114e-05,9.926e-07,1.9851e-06,9.926e-07,2.23325e-05,4.963e-07,9.926e-07,4.963e-07,1.73697e-05,4.963e-07,1.88586e-05,4.963e-07,2.4814e-06,4.963e-07,1.4888e-06,5.4591e-06,6.50124e-05,0,0,0,5.9553e-06,4.963e-07,1.9851e-06,4.963e-07,4.963e-07,4.963e-07,0.0002282878,0,4.9628e-06,0,5.65757e-05,0.0326119107,0.0446754342,4.11911e-05,0.0002431762,1.33995e-05,8.08933e-05,0,0.0001955335,0.0096377171,0.1104848635,0.0048873449,0.3405473945,3.32506e-05,0.0077275434,0.0081672457,0,0.0032069479,0.2359334988,7.9404e-06,0.0287667494,2.4814e-06,0.0145905707,0,0.000382134,2.6799e-05,0.0056153846,2.9777e-06,0.001262531,0,0.0002878412,1.04218e-05,0.0127255583,0.0179081886,0.0965121588,9.926e-07,2.4814e-06,9.926e-07,0.0006580645,6.9479e-06,0.0084590571,1.4888e-06,0.0015766749,1.4888e-06,0.0048506203,1.14144e-05,0.0064540943,4.4665e-06,0.0350789082,0,9.67742e-05,2.92804e-05,0.0501612903,0,4.26799e-05,4.9628e-06,0.0067801489
0.0001129856,6.659e-07,3.72919e-05,4.8835e-06,0.0003416204,0,0.0001285239,3.1077e-06,5.4384e-05,0,1.95339e-05,2.8857e-06,9.76693e-05,2.8857e-06,0.0003991121,2.22e-07,1.75361e-05,0,5.3274e-06,4.2175e-06,4.44e-07,2.22e-07,3.06326e-05,1.5538e-06,0.0002375139,0,6.61487e-05,0,0.0017220866,8.56826e-05,8.879e-07,2.22e-07,1.9978e-06,5.9933e-06,0.0155316315,0.0119376249,0.0001485017,9.323e-06,7.12542e-05,1.9978e-06,0.0002124306,8.4351e-06,0.0503158713,0.0005231964,0.0100879023,0.0015358491,0.0217742508,7.9911e-06,0.082208879,0.0015675916,0,0.000200222,0.1109571587,1.59822e-05,0.0070628191,5.5494e-06,9.03441e-05,8.879e-06,0.0326281909,0.0001433962,0.0169409545,1.7758e-06,0.0006439512,1.39845e-05,0.0608610433,5.3274e-06,0.0249136515,0.0020408435,1.3319e-06,0,0.0002703663,3.57381e-05,0.0080368479,0.0005389567,0.0020859046,7.76915e-05,0.0024750277,0.0002248613,0.006463485,0.0002714761,0.0105933407,0.000536737,7.52497e-05,1.7758e-06,0.067472586,0.0001862375,4.08435e-05,2.22e-07,0.0067342952,1.08768e-05
0,1.27962e-05,0,6.1611e-06,0,0,0,6.1611e-06,0,0,0,2.3697e-06,0,1.8957e-06,0,0,0,0,0,2.3697e-06,0,0,0,0,0,0,0,0,0,3.17536e-05,0,0,0,4.739e-07,0.0007753555,0.000850237,0,3.6019e-05,0,2.32227e-05,0,2.08531e-05,0.0002317536,0.0373545024,9.66825e-05,0.0309867299,4.739e-07,0.0106625592,0.0002388626,0.157843128,0.000114218,0,4.739e-07,0.0737379147,0,0.0228469194,0,0.0009203791,1.18483e-05,0.011307109,1.4218e-06,0.0013706161,0,0.0004516588,1.4218e-06,0.0509696682,0.0003943128,0.0174701422,0,0,0,3.31754e-05,1.4218e-06,0.0008563981,4.739e-07,0.0001099526,0,0.0003843602,2.3697e-06,0.0003687204,9.479e-07,0.002385782,0,1.65877e-05,1.4218e-06,0.1219189573,0,1.99052e-05,4.739e-07,0.0079739336
3.1373e-06,0,1.01961e-05,7.843e-07,0.0005145098,0,1.09804e-05,7.843e-07,2.43137e-05,0,0,0,1.41176e-05,0,0.0002431373,0,0,0,3.1373e-06,0,3.1373e-06,0,7.8431e-06,0,0.0002988235,0,0.0001592157,0,0.0043819608,7.8431e-06,0,0,7.843e-07,0,0.0019952941,0.0017145098,0.000347451,0,3.1373e-06,0,0.0003788235,0,0.0559082353,2.7451e-05,0.0007780392,0.000145098,0.1866635294,2.3529e-06,0.0109388235,0.0001686275,0.4200211765,2.7451e-05,0,7.843e-07,0.1384501961,7.843e-07,7.843e-07,7.843e-07,2.11765e-05,9.4118e-06,3.1373e-06,0,7.843e-07,7.843e-07,7.0588e-06,0,0.0019035294,0.0001858824,0,0,0.0002611765,3.9216e-06,0.0063090196,7.52941e-05,0.0004588235,1.09804e-05,0.0026815686,2.90196e-05,0.0001043137,3.84314e-05,0.0135843137,6.5098e-05,0.0001929412,0,0.0165427451,2.11765e-05,9.56863e-05,0,0.0059317647,1.5686e-06
0,8.85e-07,0,4.4248e-06,0,0,0,1.7699e-06,0,8.85e-07,0,0,0,8.85e-07,0,0,0,0,0,3.5398e-06,0,0,0,0,0,0,0,0,0,5.04425e-05,0,0,0,0,0.0031654867,0.0033734513,0,0.0001575221,0,0.0001415929,0,5.57522e-05,0.0010787611,0.0543973451,0.0004247788,0.031100885,0,0.0886389381,0.0009557522,0.0479327434,0.0004212389,0.1657362832,1.7699e-06,0,0,0.1408893805,0,2.6549e-06,8.85e-07,6.1947e-06,0,8.85e-07,0,1.7699e-06,8.85e-07,1.7699e-06,0.0016769912,0.0016265487,0,0,0,2.38938e-05,8.85e-07,0.001779646,0,0.0001752212,0,0.000659292,0,6.46018e-05,8.85e-07,0.0022247788,0,7.34513e-05,8.85e-07,0.0118840708,0,9.11504e-05,0,0.0135141593
0,0,4.785e-07,0,7.41627e-05,0,4.785e-07,0,2.3923e-06,0,0,0,4.785e-07,0,1.62679e-05,0,9.569e-07,0,0,0,1.4354e-06,0,4.785e-07,0,3.49282e-05,0,3.20574e-05,0,0.0005535885,9.569e-07,4.785e-07,0,4.785e-07,0,0.0001976077,4.44976e-05,0.02285311,0,0.0496650718,0,0.0010521531,0,0.0028588517,9.569e-07,0.0001258373,2.8708e-06,0.0841789474,0,0.0001732057,4.7847e-06,0.0162913876,1.4354e-06,0.0603033493,0,0,0,0,0,7.6555e-06,9.569e-07,9.569e-07,0,0,0,1.4354e-06,4.785e-07,0.000438756,4.7847e-06,0,0,1.86603e-05,0,0.0011282297,2.3923e-06,2.96651e-05,0,0.0004679426,9.569e-07,1.00478e-05,4.785e-07,0.0018368421,9.569e-07,0.0011401914,0,0.0056191388,4.785e-07,0.0003894737,0,0.0656674641,0
0,8.487e-07,2.829e-07,3.3946e-06,0,2.829e-07,0,5.658e-07,0,2.829e-07,0,2.829e-07,0,1.1315e-06,0,2.829e-07,0,0,5.658e-07,2.2631e-06,0,0,0,5.658e-07,0,0,0,0,2.829e-07,5.06365e-05,0,0,0,1.1315e-06,0.0002161245,0.0002339463,0,0.0081889675,0,0.0592851485,0,0.0070011315,0.0002121641,0.0171971711,3.02687e-05,0.0022738331,5.658e-07,0.0658028289,6.84583e-05,0.0029796322,3.62093e-05,0.0073272984,2.829e-07,0.0291855728,0,0,0,1.9802e-06,1.1315e-06,8.7694e-06,0,1.9802e-06,0,8.487e-07,0,7.6379e-06,0.0001066478,0.0009697313,0,0,0,3.08345e-05,2.829e-07,0.0012132956,0,0.0001329562,0,0.0003125884,0,2.17822e-05,0,0.0019021216,0,0.0016509194,2.829e-07,0.0065886846,0,0.0026605375,0,0.0709298444
0.0434763338,4.24077e-05,0.0005589603,3.00958e-05,8.2079e-06,0,0.0008415869,9.35705e-05,7.9343e-06,0,0.001674145,1.09439e-05,0.0013001368,1.39535e-05,2.48974e-05,0,0.0293113543,3.5568e-06,0.0001001368,3.31053e-05,2.736e-07,0,0.0002522572,7.6607e-06,3.0096e-06,0,5.472e-07,0,0.0255072503,3.25581e-05,8.7551e-06,6.8399e-06,0.0001250342,0.0001080711,6.01915e-05,5.7456e-06,6.2927e-06,8.208e-07,7.6607e-06,1.368e-06,2.736e-07,0,5.7456e-06,0,1.72367e-05,2.736e-07,3.2832e-06,1.368e-06,2.98222e-05,2.736e-07,0.0003102599,0,1.368e-06,0,0,0,0,0.0001086183,0.0104610123,1.6416e-06,0.0199266758,0,0.0251688098,1.64159e-05,0.0001794802,0,0.0016046512,7.6607e-06,0.0135088919,9.35705e-05,0.0029816689,9.3023e-06,0.0204886457,3.09166e-05,0.0063099863,3.2832e-06,0.0110777018,0.0001056088,4.32285e-05,2.1888e-06,0.0060837209,2.736e-06,2.736e-07,0,0.0081819425,1.0944e-06,5.472e-07,0,0.0016697674,0
2.7481e-06,0.0943312977,3.45038e-05,0.0012357252,0,0,6.1069e-06,0.0024473282,0,9.16e-07,6.107e-07,0.0023160305,2.4427e-06,0.0006262595,0,3.6641e-06,2.41221e-05,0.0240668702,3.63359e-05,0.0041746565,0,3.053e-07,1.03817e-05,9.03817e-05,0,0,0,0,3.0534e-06,0.0103551145,0,2.25954e-05,1.37405e-05,0.0117868702,3.75573e-05,0.0001526718,0,0.0003254962,0,0.0002754198,0,2.7481e-06,2.1374e-06,1.46565e-05,9.16e-07,2.01527e-05,3.053e-07,0.0004268702,2.4427e-06,3.41985e-05,9.4656e-06,0.0001612214,0,9.16e-07,0,3.3588e-06,0.0010164885,0,0.0008021374,0.0328152672,0.0001090076,0.0169105344,1.37405e-05,0.0745242748,2.25954e-05,0.0067780153,0.0008803053,0.0020491603,0.0001309924,0.0185520611,1.12977e-05,0.0020610687,4.03053e-05,0.0277233588,7.9389e-06,0.0042094656,2.35115e-05,0.0158616794,2.10687e-05,8.8855e-05,2.99237e-05,0.0014305344,0,2.4427e-06,1.70992e-05,0.008248855,0,0,6.107e-07,0.0014241221
0.000129697,4.8485e-06,4.24242e-05,1.33333e-05,1.39394e-05,0,9.51515e-05,1.51515e-05,3.0303e-06,0,9.09091e-05,4.2424e-06,0.0001169697,9.0909e-06,2.9697e-05,6.061e-07,0.0009193939,2.4242e-06,5.51515e-05,1.15152e-05,0,0,1.39394e-05,2.4242e-06,1.09091e-05,0,6.061e-07,0,0.0001757576,0.000209697,1.8182e-06,6.061e-07,6.60606e-05,0.0004006061,0.0156048485,0.0030072727,6.0606e-06,2.48485e-05,2.60606e-05,6.0606e-06,6.6667e-06,1.33333e-05,0.0003460606,3.45455e-05,0.0024927273,6e-05,0.0001115152,1.21212e-05,0.0477193939,6.84848e-05,0.1321351515,2.36364e-05,4.2424e-06,0,3.6364e-06,6.061e-07,0.0136818182,0.0003763636,0,0.0010569697,0.1889430303,5.87879e-05,0.0096127273,0.0002630303,0.1154866667,1.09091e-05,0.1898684848,0.0024581818,0.0004745455,6.6667e-06,0.0011636364,7.57576e-05,0.0013484848,0.0011678788,0.0003036364,0.0001987879,0.0015715152,0.0004733333,0.0017242424,0.0005527273,0.0045321212,0.0013048485,3.0303e-06,3.0303e-06,0.01092,0.0003757576,3.0303e-06,6.061e-07,0.0008993939,9.697e-06
0,6.49351e-05,3.4632e-06,0.0001255411,6.0606e-06,0,0,5.19481e-05,8.658e-07,8.658e-07,0,3.72294e-05,6.9264e-06,4.24242e-05,8.658e-06,3.4632e-06,1.64502e-05,1.90476e-05,4.329e-06,9.61039e-05,0,0,8.658e-07,8.658e-06,3.4632e-06,0,0,0,1.03896e-05,0.0003766234,0,1.7316e-06,8.658e-07,0.0003012987,0.001395671,0.0021246753,8.658e-07,0.0003108225,0,0.0001861472,0,4.24242e-05,2.25108e-05,0.000169697,5.02165e-05,0.0040987013,1.7316e-06,0.0003212121,0.0001454545,0.0070554113,0.0001108225,0.0051792208,1.7316e-06,2.5974e-06,0,1.81818e-05,2.33766e-05,0.1108545455,0.0019809524,0,0.0002761905,0.0853333333,1.2987e-05,0.0182121212,5.19481e-05,0.0378735931,0.003647619,0.0492909091,0,1.38528e-05,5.1948e-06,0.0007878788,0.0001792208,0.0030709957,4.50216e-05,0.000595671,6.14719e-05,0.0053142857,0.0003281385,0.000974026,0.0001341991,0.0025160173,0,1.55844e-05,0.0001099567,0.004182684,0,8.658e-07,1.81818e-05,0.0010675325
0.0166573427,3.1469e-06,0.0019944056,3.28671e-05,5.9441e-06,0,0.0094248252,2.02797e-05,5.9441e-06,0,0.0005769231,1.7483e-06,0.0004506993,1.36364e-05,1.04895e-05,0,0.0003062937,3.497e-07,7.69231e-05,3.81119e-05,0,0,8.70629e-05,6.6434e-06,1.3986e-06,0,3.497e-07,0,0.0010136364,6.993e-06,1.67832e-05,3.4965e-06,8.14685e-05,0.0001132867,0.0003003497,2.30769e-05,6.993e-07,3.1469e-06,5.5944e-06,6.993e-07,6.993e-07,3.497e-07,1.71329e-05,6.993e-07,7.34266e-05,1.049e-06,6.2937e-06,1.3986e-06,0.0001206294,3.497e-07,0.0241839161,0,2.0979e-06,0,6.993e-07,0,0.021134965,0.0002167832,0.1202527972,8.98601e-05,0,1.7483e-06,0.1136902098,3.46154e-05,0.0998968531,3.497e-07,0.014836014,0.0002982517,4.40559e-05,4.1958e-06,0.0012160839,1.01399e-05,0.0051842657,3.74126e-05,0.0007318182,8.042e-06,0.0038412587,3.63636e-05,0.0003143357,4.02098e-05,0.0013657343,5.27972e-05,6.993e-07,3.497e-07,0.0086454545,6.2937e-06,0,0,0.0004538462,1.049e-06
8.197e-07,0.0168016393,3.44262e-05,0.0017737705,8.197e-07,0,2.459e-06,0.0031254098,0,0,0,0.0093672131,1.6393e-06,0.0041770492,8.197e-07,0,8.197e-07,9.8361e-06,1.96721e-05,0.0007655738,0,0,1.06557e-05,9.59016e-05,1.6393e-06,0,0,0,1.6393e-06,5.98361e-05,8.197e-07,1.06557e-05,0,0.0003508197,0.0001090164,0.0003254098,0,6.5574e-06,0,8.197e-07,0,6.5574e-06,4.0984e-06,0.000192623,6.5574e-06,0.0003696721,8.197e-07,1.88525e-05,4.0984e-06,0.000992623,9.8361e-06,0.0039434426,0,4.918e-06,0,6.55738e-05,0,0.0593606557,0.000204918,0.1012631148,2.62295e-05,0,4.0984e-06,0.244392623,2.459e-06,0.1231114754,0.0004590164,0.00285,8.197e-07,0,3.2787e-06,0.0003434426,2.04918e-05,0.000357377,5.7377e-06,6.72131e-05,1.96721e-05,0.0005032787,3.52459e-05,0.0001811475,1.96721e-05,0.0005401639,0,1.6393e-06,9.8361e-06,0.0257860656,0,0,8.197e-07,0.0091991803
0.0082359862,3.59862e-05,0.0006546713,4.77509e-05,1.93772e-05,0,0.0078602076,8.58131e-05,1.93772e-05,0,0.0023238754,7.6125e-06,0.0016027682,2.21453e-05,3.391e-05,0,0.0490055363,2.0761e-06,0.0002373702,3.59862e-05,0,0,0.0001806228,1.17647e-05,8.9965e-06,0,6.92e-07,0,0.0015238754,2.00692e-05,0.0001010381,1.03806e-05,0.0006595156,0.0001467128,0.001899654,0.0001010381,4.8443e-06,0,1.7301e-05,6.92e-07,1.3841e-06,1.3841e-06,0.0001391003,1.3841e-06,0.0002560554,2.7682e-06,7.47405e-05,2.0761e-06,0.0003128028,4.1522e-06,0.0043245675,6.92e-07,8.3045e-06,0,6.92e-07,0,0.0405605536,0.0001820069,0.0186546713,6.15917e-05,0.1517072664,1.3841e-06,0,2.35294e-05,0.0814989619,0,0.0114221453,0.0001730104,7.68166e-05,6.57439e-05,0.0017072664,1.38408e-05,0.0059176471,7.26644e-05,0.0009681661,1.31488e-05,0.0030768166,8.58131e-05,0.0009799308,2.21453e-05,0.0446823529,6.15917e-05,6.92e-07,0,0.0517051903,1.93772e-05,6.92e-07,0,0.0062858131,6.92e-07
2.4691e-06,0.0041032922,2.59259e-05,0.0006279835,4.115e-07,4.115e-07,7.8189e-06,0.0007592593,4.115e-07,0,1.6461e-06,0.0022296296,4.9383e-06,0.0011024691,8.23e-07,1.6461e-06,4.23868e-05,0.0193037037,1.27572e-05,0.0004971193,0,4.115e-07,1.06996e-05,0.0001168724,8.23e-07,0,0,0,3.7037e-06,0.0012226337,0,2.88066e-05,6.5844e-06,0.0033979424,0.0001283951,0.0024012346,0,0.0001119342,0,6.79012e-05,4.115e-07,4.9383e-06,1.2346e-06,8.23045e-05,4.5267e-06,7.90123e-05,4.115e-07,0.000162963,1.23457e-05,0.0001222222,2.92181e-05,0.0004168724,0,1.6461e-06,0,1.15226e-05,0.0001246914,0.1115485597,0.0012382716,0.0191884774,0.0006650206,0.0957164609,3.7037e-05,0,6.91358e-05,0.0176341564,0.0017288066,0.0247843621,1.31687e-05,0.0004691358,1.15226e-05,0.0006687243,5.76132e-05,0.003500823,1.64609e-05,0.0007403292,3.78601e-05,0.0025041152,6.62551e-05,0.0015164609,9.54733e-05,0.0193893004,4.115e-07,2.4691e-06,4.77366e-05,0.0355798354,0,0,4.9383e-06,0.0066238683
0.0004864662,7.519e-07,7.5188e-05,3.7594e-06,6.7669e-06,0,0.0003962406,1.5038e-06,7.519e-07,0,8.42105e-05,0,9.84962e-05,3.7594e-06,1.50376e-05,0,0.0001338346,0,2.55639e-05,3.7594e-06,0,0,1.65414e-05,7.519e-07,3.0075e-06,0,0,0,0.0003263158,1.57895e-05,1.5038e-06,7.519e-07,1.2782e-05,5.56391e-05,0.0016917293,0.0003706767,2.2556e-06,7.5188e-06,1.20301e-05,4.5113e-06,3.7594e-06,7.519e-07,7.29323e-05,1.5038e-06,0.0001263158,1.95489e-05,3.00752e-05,2.2556e-06,0.0007578947,1.72932e-05,0.1577090226,2.2556e-06,5.2632e-06,0,3.0075e-06,0,0.0012443609,0.0001586466,0.1090518797,0.000124812,0.2089902256,7.519e-07,0.0591481203,1.8797e-05,0,0,0.0180443609,0.0002097744,1.8797e-05,5.2632e-06,0.0003488722,1.20301e-05,0.0016616541,9.3985e-05,0.0001533835,1.50376e-05,0.0010052632,6.31579e-05,0.0006954887,6.54135e-05,0.0046045113,0.0001082707,7.519e-07,1.5038e-06,0.0297503759,2.10526e-05,1.5038e-06,0,0.0011917293,1.5038e-06
6.289e-07,0.004272956,1.06918e-05,0.0006062893,0,0,1.8868e-06,0.002090566,0,0,0,0.0013421384,0,0.0005,0,0,0,0,8.1761e-06,0.0001716981,0,0,1.8868e-06,1.76101e-05,0,0,0,0,0,2.51572e-05,0,1.8868e-06,0,9.74843e-05,3.39623e-05,7.42138e-05,0,6.289e-07,0,1.8868e-06,0,1.2579e-06,2.5157e-06,0.0004578616,8.805e-06,0.0035503145,0,5.6604e-06,6.2893e-06,0.0204056604,5.6604e-06,0.0974194969,0,1.32075e-05,0,0.0001622642,0,0.0030106918,1.25786e-05,0.0351044025,3.1447e-06,0.1070704403,0,0.0186968553,6.289e-07,0,3.33333e-05,0.0078157233,6.289e-07,6.289e-07,0,0.0001018868,1.8868e-06,0.0001459119,6.289e-07,2.13836e-05,0,0.0001968553,2.5157e-06,0.000118239,0,0.0028955975,0,6.289e-07,0,0.0681962264,0,1.8868e-06,0,0.0179641509
5.93707e-05,4.04925e-05,5.93707e-05,5.3078e-05,4.54172e-05,0,6.29275e-05,4.40492e-05,1.31327e-05,0,3.83037e-05,1.77839e-05,9.9316e-05,2.29822e-05,8.75513e-05,8.208e-07,0.0009942544,4.3776e-06,0.0001036936,8.91929e-05,5.472e-07,0,2.16142e-05,5.1984e-06,3.55677e-05,0,3.2832e-06,0,0.0002101231,0.0005934337,4.56908e-05,3.0096e-06,0.0177110807,0.0013132695,0.1459961696,0.0197688098,0.0006284542,8.78249e-05,0.0063162791,2.54446e-05,1.28591e-05,3.69357e-05,0.080672777,0.0013173735,0.0472043776,0.003278249,0.0432177839,4.7606e-05,0.0526637483,0.0030101231,0.0161805746,0.0001715458,9.0287e-06,3.09166e-05,0.0004281806,7.3871e-06,0.0022087551,0.0013778386,0.1050508892,0.0029389877,0.0111926129,0.0002232558,0.0015584131,0.0008016416,0.0088733242,4.24077e-05,0,0.0120861833,0.0136331053,9.11081e-05,0.000502052,0.0002749658,0.0028341997,0.0033192886,0.0007023256,0.0006049248,0.0019173735,0.0015786594,0.0054826265,0.0017874145,0.0062648427,0.0041570451,4.104e-06,1.58687e-05,0.0059674419,0.0012281806,3.0096e-06,5.472e-07,0.0010331053,5.36252e-05
2.1454e-06,0.0001134684,7.8665e-06,0.0002703218,2.00238e-05,1.907e-06,5.2443e-06,9.0584e-05,6.1979e-06,1.4303e-06,7.151e-07,0.000109416,1.93087e-05,8.84386e-05,3.4565e-05,5.2443e-06,7.36591e-05,1.09654e-05,4.43385e-05,0.0002698451,0,0,3.0989e-06,2.19309e-05,1.33492e-05,1.1919e-06,2.6222e-06,2.384e-07,5.07747e-05,0.0020390942,2.384e-07,1.07271e-05,5.9595e-06,0.0481351609,0.0351976162,0.1464514899,0.0006834327,0.0099702026,9.0584e-06,0.010820739,4.0524e-06,0.0001721097,0.0043904648,0.0713168057,0.002627652,0.0980889154,4.29082e-05,0.0661382598,0.0050257449,0.0410860548,0.0020755662,0.0111887962,5.4827e-06,4.64839e-05,1.4303e-06,0.0004009535,2.7652e-05,0.0054977354,0.0102464839,0.0283520858,0.0013156138,0.0025046484,6.6031e-05,0.0037859356,0.0003108462,0.0085914184,0.0239344458,0,2.57449e-05,0.0001156138,5.60191e-05,0.0012898689,0.0010402861,0.0144698451,0.0003065554,0.0023625745,0.0004235995,0.0073501788,0.0018178784,0.0060581645,0.0007904648,0.0143323004,1.6687e-06,9.53516e-05,0.0006333731,0.007568534,7.151e-07,2.57449e-05,9.34446e-05,0.0008467223
0.0298969925,0.0002210526,0.0003075188,0.0029932331,5.2632e-06,0,0.000181203,6.01504e-05,2.2556e-06,0,0.0004052632,2.4812e-05,0.0004157895,1.2782e-05,1.50376e-05,0,6.99248e-05,2.2556e-06,0.1021338346,0.0077842105,0,0,0.0001541353,2.2556e-06,2.2556e-06,0,7.519e-07,0,0.0014669173,2.93233e-05,5.11278e-05,1.5038e-06,0.118075188,0.0026157895,4.51128e-05,3.7594e-06,0,7.519e-07,0,7.519e-07,0,0,7.519e-07,0,7.519e-07,0,1.5038e-06,7.519e-07,3.0075e-06,0,3.7594e-06,0,0,0,0,0,0.0227526316,0.0001511278,0.000618797,7.519e-07,9.7744e-06,0,2.33083e-05,6.015e-06,7.519e-07,0,0.0398240602,1.42857e-05,0,0.0051909774,0.0073661654,1.95489e-05,0.007818797,6.91729e-05,0.0035022556,9.0226e-06,0.0070654135,0.0001631579,3.0075e-06,7.519e-07,1.42857e-05,0,0,0,3.38346e-05,0,0,0,1.05263e-05,0
1.3333e-06,0.00878,1.6e-05,0.0013746667,0,1.3333e-06,5.3333e-06,9.73333e-05,0,1.3333e-06,1.2e-05,8.26667e-05,2.6667e-06,7.2e-05,0,1.3333e-06,5.3333e-06,0.000156,5.06667e-05,0.1887773333,0,0,1.3333e-06,2e-05,0,1.3333e-06,0,0,1.33333e-05,0.0023853333,1.3333e-06,1.06667e-05,0.000156,0.1997853333,0,0.001556,0,6.53333e-05,0,6.26667e-05,0,0,0,3.6e-05,0,5.3333e-06,0,0.0001706667,0,4e-06,0,1.3333e-06,0,1.3333e-06,0,0,0.005316,0.1475053333,0.0008906667,9.73333e-05,0,1.3333e-06,8e-06,0.0003106667,1.3333e-06,0,0.000316,0.0006786667,0.003164,0,2.66667e-05,0.0103933333,4.13333e-05,0.0046173333,1.06667e-05,0.000564,2.4e-05,0.0194373333,1.3333e-06,4e-06,1.3333e-06,4e-06,0,1.3333e-06,0,2.6667e-06,0,0,0,0
0.0085109948,1.36126e-05,0.0204289703,0.0001951134,0.029373822,5.2356e-06,0.0172757417,0.000277836,0.0210516579,1.25654e-05,0.0025727749,5.2356e-06,0.0466837696,0.000208726,0.0295518325,1.25654e-05,0.0005371728,0,0.0043888307,6.49215e-05,0.0613804538,0.0001141361,0.0158795812,0.0001458988,0.0300446771,6.6318e-06,0.022695637,0,0.0103595113,6.9808e-06,0.0160600349,0.0002247818,0.0007246073,0.0001462478,0.0019842932,5.75916e-05,6.70157e-05,1.7452e-06,1.18674e-05,6.981e-07,0.0013500873,0,0.0004593368,1.7452e-06,0.0002094241,2.0942e-06,0.0002712042,6.981e-07,0.0004397906,2.7923e-06,0.0007863874,1.3962e-06,6.77138e-05,0,5.5846e-06,0,0.0026687609,0.000147993,0.0013598604,6.91099e-05,0.0005623037,4.5375e-06,0.001208726,2.75742e-05,8.76091e-05,0,0.0053354276,0.0001930192,0.0047204188,1.84991e-05,0,0.0001015707,0.1482617801,4.85166e-05,0.0225019197,1.7452e-05,0.1510045375,8.23735e-05,0.0007280977,3.14136e-05,0.0016338569,5.2007e-05,0.0001242583,0,0.0012457243,9.4241e-06,5.75916e-05,0,0.0001535777,1.0471e-06
1.2596e-05,0.0047336406,0.000934255,0.0308884793,7.1275e-05,0.0135026114,0.0010233487,0.0279176651,3.10292e-05,0.0063447005,1.62826e-05,0.0035127496,0.0008826421,0.0710162826,1.29032e-05,0.0204018433,1.8433e-06,9.55453e-05,0.0006457757,0.0217867896,4.9155e-06,0.0441655914,0.0007010753,0.0124721966,3.44086e-05,0.0111321045,3.072e-07,0.0031293395,1.50538e-05,0.0003096774,0.0001195084,0.0135268817,4.54685e-05,0.0116946237,9.83103e-05,0.0005769585,0,0.00046851,0,5.13057e-05,3.072e-07,0.0002642089,6.4516e-06,0.0003167435,5.8372e-06,0.0004178187,0,0.0002285714,1.65899e-05,0.0006043011,7.9877e-06,0.0001477727,0,4.9155e-06,0,1.2596e-05,1.38249e-05,0.0031284178,4.39324e-05,0.0009738863,1.07527e-05,7.86482e-05,1.5361e-06,0.000471275,1.5361e-06,3.34869e-05,6.88172e-05,0.0018089094,1.87404e-05,0.0034199693,5.5914e-05,0,4.7619e-05,0.1286552995,1.13671e-05,0.0213956989,6.17512e-05,0.2080789555,3.6866e-06,3.62519e-05,3.6866e-06,0.0001745008,0,0.0001883257,5.53e-06,0.0002955453,0,1.44393e-05,6.144e-07,3.25653e-05
0.0506920592,2.20727e-05,0.0153375505,0.0001787349,0.0477620458,3.2301e-06,0.0130323015,0.0001555855,0.0140516824,4.576e-06,0.0039526245,1.0498e-05,0.0943711978,0.0001065949,0.0498164199,4.3069e-06,0.0029375505,2.692e-07,0.0089965007,9.44818e-05,0.0056772544,5.9219e-06,0.0112183042,5.03365e-05,0.0349833109,9.9596e-06,0.0124314939,0,0.0754403769,2.36878e-05,0.0004487214,6.11036e-05,0.0010473755,0.0001526245,0.0042201884,0.0004218035,0.0019994616,2.961e-06,3.12248e-05,8.075e-07,0.0046306864,2.4226e-06,0.0035720054,3.4993e-06,0.002520323,5.6528e-06,0.0023275908,1.3459e-06,0.0058869448,7.2678e-06,0.0106982503,2.4226e-06,0.0007938089,0,5.46433e-05,0,0.0195160162,0.000160969,0.0019539704,0.0001453567,0.0014656797,9.6904e-06,0.0022578735,3.95693e-05,0.0002454913,1.8843e-06,0.0068403769,0.0003561238,0.0076446837,3.76851e-05,0.1602061911,4.71063e-05,0,0.0001477793,0.2256931359,3.607e-05,0.0872769852,0.000120323,0.0157146703,6.97174e-05,0.008613459,0.0001596231,0.0009227456,5.384e-07,0.0151329744,4.79139e-05,0.0005868102,0,0.0036242261,3.2301e-06
1.04683e-05,0.0223,8.09917e-05,0.0098581267,1.40496e-05,0.002915978,5.53719e-05,0.0025035813,4.4077e-06,0.001346832,1.6529e-06,0.0137939394,3.69146e-05,0.0437479339,7.1625e-06,0.0064980716,1.79063e-05,0.0157644628,0.0003669421,0.0169396694,5.51e-07,0.0019143251,5.09642e-05,0.0010460055,6.0606e-06,0.0019426997,0,0.0022112948,7.989e-06,0.0385170799,1.79063e-05,0.001177135,2.56198e-05,0.0084570248,0.0028173554,0.0124710744,8.264e-07,0.0015757576,1.3774e-06,0.000115427,8.264e-07,0.0041986226,0.0001988981,0.0167873278,0.0001294766,0.0082137741,5.2342e-06,0.0018586777,0.0004002755,0.0086404959,0.0001950413,0.0013184573,1.6529e-06,8.67769e-05,2.755e-07,0.0002625344,0.0001322314,0.033199449,0.0013085399,0.0025942149,0.0002556474,6.44628e-05,1.46006e-05,0.0059201102,6.30854e-05,4.76584e-05,0.001922865,0.0141402204,6.72176e-05,0.0077716253,2.86501e-05,0.1222460055,0.0001272727,0,4.29752e-05,0.1217305785,8.01653e-05,0.046638843,0.0001752066,0.0006449036,8.78788e-05,0.003569697,0,0.0023694215,6.77686e-05,0.0038958678,0,3.58127e-05,9.3664e-06,0.0003225895
0.0474361809,1.50754e-05,0.0079427136,9.64824e-05,0.018281407,0,0.0108160804,9.14573e-05,0.0085758794,3.0151e-06,0.0013708543,5.0251e-06,0.041238191,6.43216e-05,0.012159799,6.0302e-06,0.0033386935,0,0.0038753769,6.23116e-05,2.21106e-05,1.005e-06,0.0047256281,2.51256e-05,0.0117829146,2.0101e-06,0.0001638191,0,0.0176140704,2.01005e-05,8.24121e-05,2.71357e-05,0.0005145729,0.0001095477,0.0041668342,0.0002954774,0.0001015075,5.0251e-06,1.60804e-05,2.0101e-06,0.000841206,0,0.000521608,4.0201e-06,0.0016050251,5.0251e-06,0.0001497487,2.0101e-06,0.0030753769,9.0452e-06,0.0057718593,5.0251e-06,4.22111e-05,0,5.0251e-06,0,0.017838191,0.000121608,0.0011145729,0.0001256281,0.0008331658,7.0352e-06,0.0012532663,3.8191e-05,0.0001427136,2.0101e-06,0.0052673367,0.0002834171,0.0027246231,1.40704e-05,0.1956623116,6.23116e-05,0.6356361809,0.0001407035,0,5.72864e-05,0.1394542714,0.0001698492,0.0054120603,4.82412e-05,0.0061497487,0.0001366834,0.0004492462,0,0.0109879397,3.51759e-05,0.0002522613,0,0.0030613065,1.005e-06
1.64251e-05,0.0043884058,0.0001468599,0.0039507246,4.8309e-06,0.0002048309,0.0001033816,0.0050541063,3.8647e-06,0.000226087,9.662e-07,0.0046966184,7.24638e-05,0.0337729469,1.9324e-06,0.000894686,2.1256e-05,0.0017400966,3.6715e-05,0.0057497585,0,0.0007072464,0.0001004831,0.0016028986,3.8647e-06,0.0001835749,0,2.70531e-05,7.7295e-06,0.0056657005,3.8647e-06,0.0019478261,2.8986e-06,0.0056724638,0.00207343,0.0101690821,0,0.0007980676,0,0.0001565217,1.9324e-06,0.0084309179,3.6715e-05,0.0048743961,6.8599e-05,0.004657971,9.662e-07,0.0013536232,0.0002599034,0.0060830918,0.0001371981,0.001373913,0,4.63768e-05,0,8.30918e-05,9.27536e-05,0.0184985507,0.0010541063,0.0020705314,0.0002444444,6.66667e-05,8.6957e-06,0.0049285024,5.89372e-05,3.6715e-05,0.0015371981,0.0101961353,2.6087e-05,0.0033816425,5.89372e-05,0.1867545894,0.0001294686,0.5488956522,7.05314e-05,0,0.0001391304,0.0963864734,0.0001429952,0.0006637681,7.82609e-05,0.0015024155,0,0.0013603865,7.63285e-05,0.0021884058,0,6.57005e-05,1.35266e-05,0.000142029
0.0574315515,3.18123e-05,0.0249619296,0.0003306389,0.0041900913,5.215e-07,0.0392349413,0.0003934811,0.0028479791,1.5645e-06,0.0029501956,2.42503e-05,0.0373050847,0.0002831812,0.0059966102,1.8253e-06,0.002135854,7.823e-07,0.0177228162,0.000222425,1.40808e-05,7.823e-07,0.0077814863,8.91786e-05,0.0022735332,2.608e-07,0.0002860495,0,0.014590352,2.71186e-05,0.0002633638,7.01434e-05,0.0009016949,0.0003202086,0.0069332464,0.0003817471,0.012829987,5.4759e-06,0.0001929596,1.043e-06,0.0031512386,1.5645e-06,0.0044774446,4.4329e-06,0.0023906128,7.8227e-06,0.0016075619,2.8683e-06,0.0047788787,9.9087e-06,0.0088894394,1.5645e-06,0.0006398957,0,0.000117601,0,0.0136628422,0.0003392438,0.0032902216,0.000188266,0.0011408083,9.1265e-06,0.0017014342,6.206e-05,0.0004508475,1.5645e-06,0.0102615385,0.0005170795,0.0117345502,3.41591e-05,0.2891314211,9.46545e-05,0.1697001304,0.0001752282,0.0514542373,4.90222e-05,0,0.0002229465,0.0048132986,0.0001053455,0.011579661,0.0002026076,0.0006581486,5.215e-07,0.0251447197,4.1721e-05,0.000485528,0,0.0058743155,1.043e-06
5.34045e-05,0.0412614152,0.0009337784,0.083105474,1.2283e-05,0.0006218959,0.0006763685,0.0224897196,7.7437e-06,0.000893725,1.65554e-05,0.0170109479,0.0005364486,0.0404323097,4.5394e-06,0.0037895861,1.38852e-05,0.0006069426,0.001377036,0.0528090788,5.34e-07,9.55941e-05,0.0004998665,0.0062987984,4.5394e-06,0.0003959947,2.67e-07,8.011e-07,1.28171e-05,0.0032902537,1.70895e-05,0.006999466,6.91589e-05,0.0198785047,0.0012379172,0.0059679573,5.34e-07,0.0159273698,1.3351e-06,0.0023711615,5.34e-07,0.0072576769,9.10547e-05,0.0116152203,7.44993e-05,0.0072998665,2.4032e-06,0.0151036048,0.0001954606,0.0087263017,8.91856e-05,0.0016502003,0,7.63685e-05,0,0.0005423231,0.0001260347,0.0200995995,0.0006160214,0.004765287,0.000129506,0.0001850467,1.01469e-05,0.0034109479,3.01736e-05,0.0001260347,0.0008958611,0.0114275033,6.64887e-05,0.0091511348,0.0001158879,0.3498104139,0.0001578104,0.0877052069,9.18558e-05,0.0334539386,0.0002555407,0,7.71696e-05,0.001247263,4.37917e-05,0.0033271028,0,0.0073548732,4.48598e-05,0.0056683578,0,0.0015821095,8.8117e-06,0.0003628838
4.44444e-05,1.90476e-05,7.61905e-05,4.44444e-05,8.25397e-05,0,3.80952e-05,2.22222e-05,4.12698e-05,0,2.22222e-05,6.3492e-06,0.0001873016,9.5238e-06,0.0003301587,0,0.0666920635,0,1.5873e-05,5.71429e-05,0,0,6.66667e-05,6.3492e-06,5.07937e-05,0,0,0,0.0039650794,0.0001428571,0.0001396825,0,0.0014095238,0.0009174603,0.0300285714,0.0021904762,9.5238e-06,2.53968e-05,0.0003428571,9.5238e-06,3.1746e-06,3.1746e-06,0.0026412698,1.90476e-05,0.0063047619,2.53968e-05,0.0013936508,1.26984e-05,0.0147777778,4.44444e-05,0.0182095238,1.26984e-05,1.26984e-05,0,1.5873e-05,3.1746e-06,0.0001555556,0.0025460317,0.0095142857,0.0011555556,0.0026285714,4.12698e-05,0.0015968254,0.0003492063,0.0026571429,1.90476e-05,0.0344793651,0.0031111111,3.1746e-06,3.49206e-05,0.0003301587,0.0001873016,0.0163777778,0.0009142857,0.0014412698,0.0001936508,0.0021619048,0.0006698413,0,0.000615873,0.262031746,0.0011809524,3.49206e-05,6.3492e-06,0.0213396825,0.0002539683,0,0,6.98413e-05,1.5873e-05
6.1224e-06,6.73469e-05,1.42857e-05,7.55102e-05,6.1224e-06,0,4.0816e-06,3.67347e-05,0,0,0,1.22449e-05,8.1633e-06,1.42857e-05,8.1633e-06,0,4.69388e-05,0.0018244898,3.06122e-05,0.0001489796,0,0,2.0408e-06,8.1633e-06,6.1224e-06,0,0,0,1.22449e-05,0.0173142857,0,0,2.44898e-05,0.0051285714,0.0045816327,0.0274,0,0.000344898,0,0.0002244898,0,2.0408e-06,0.0001306122,0.0007918367,0.0002938776,0.0039734694,6.1224e-06,0.0019346939,0.0009285714,0.0063428571,0.0004714286,0.0021877551,0,4.0816e-06,0,2.0408e-06,0.0007673469,0.0020469388,0.0023979592,0.0048632653,0.0006591837,0.0003795918,4.08163e-05,0.0009408163,0.0001571429,0.0005469388,0.0037081633,0.0390938776,6.73469e-05,0.0003387755,4.69388e-05,0.0001795918,0.0001591837,0.0020897959,2.2449e-05,0.0003632653,6.93878e-05,0.0012653061,0.0001816327,0,0.0001326531,0.2236938776,0,0.0005469388,0.0001612245,0.0004326531,0,0,8.1633e-06,5.10204e-05
0.0011885808,1.3051e-06,0.0004597064,2.28385e-05,0.0003252855,0,0.001960522,2.02284e-05,2.12072e-05,0,0.0010244698,1.9576e-06,0.0010417618,8.1566e-06,0.0001598695,0,0.0144561175,0,0.0002391517,1.33768e-05,1.6313e-06,0,9.33116e-05,6.5253e-06,0.0001448613,0,0.000102447,0,0.0048822186,2.44698e-05,1.50082e-05,4.5677e-06,9.98369e-05,0.0001631321,0.006941925,0.0004375204,0.0003216966,6.5253e-06,0.0001154976,2.9364e-06,2.51223e-05,9.788e-07,0.0027119086,3.2626e-06,0.0014672104,5.5465e-06,0.0033109299,1.9576e-06,0.0027076672,5.8728e-06,0.0088411093,3.2626e-06,0.0017334421,0,0.0001203915,3.263e-07,0.0039513866,0.0002091354,0.0047595432,0.0002006525,0.0033729201,6.8515e-06,0.0521073409,7.5367e-05,0.0058293638,9.788e-07,0.0125089723,0.0006717781,5.2202e-06,1.9576e-06,0.0005680261,2.3491e-05,0.0052120718,0.0001553018,0.0006805873,2.93638e-05,0.0029572594,0.0001004894,0.0417758564,9.59217e-05,0,0.0002042414,0.0265474715,6.525e-07,0.1936955954,5.0571e-05,1.56607e-05,0,0.0009112561,1.6313e-06
1.3136e-06,0.0003527094,3.05419e-05,0.000479803,1.3136e-06,0,9.5238e-06,0.0003786535,3.284e-07,0,1.9704e-06,0.0011037767,9.1954e-06,0.0008357964,3.6125e-06,6.568e-07,1.83908e-05,0.0060623974,1.11658e-05,0.000337931,0,0,1.57635e-05,0.0001963875,3.284e-07,0,0,0,2.9557e-06,0.0130847291,0,4.13793e-05,3.9409e-06,0.0014128079,0.003081445,0.0129333333,6.568e-07,0.0002981938,9.852e-07,8.27586e-05,0,8.53859e-05,0.0001753695,0.0231231527,0.000283087,0.0230525452,5.9113e-06,0.0013730706,0.0006006568,0.0330551724,0.000256486,0.0083720854,9.852e-07,0.0002042693,0,0.0003116585,3.87521e-05,0.0040893268,0.0010788177,0.0026361248,0.0002863711,0.0002558292,1.41215e-05,0.01648867,5.02463e-05,0.0012761905,0.0017970443,0.0207802956,3.2841e-06,2.29885e-05,7.5534e-06,0.0010157635,7.15928e-05,0.0053697865,2.13465e-05,0.0010269294,2.75862e-05,0.0025195402,0.0001208539,0.0698623974,7.12644e-05,0,0,0.0206318555,6.63383e-05,0.0580321839,0,0.0007241379,1.51067e-05,0.0011110016
0,0,0,0,0.000147651,0,1.3423e-06,0,0,0,0,0,4.0268e-06,0,0.0061946309,0,0,0,0,0,1.3423e-06,0,0,0,8.32215e-05,0,7.78523e-05,0,0.0055355705,1.3423e-06,0,0,0,0,1.07383e-05,2.6846e-06,0.0004281879,0,0.0009637584,0,0.0025167785,0,0.0006013423,0,1.47651e-05,0,0.0006926174,0,6.84564e-05,0,0.0003248322,0,0.0002013423,0,0.0009073826,0,1.3423e-06,0,2.6846e-06,0,0,0,2.6846e-06,0,2.6846e-06,0,9.396e-06,2.6846e-06,0,0,8.18792e-05,0,0.0034590604,1.3423e-06,8.5906e-05,0,0.0015020134,0,2.28188e-05,0,0.0957865772,0,0,0,0.0555463087,0,0.0379328859,0,0.0011248322,0
0,4.38202e-05,5.618e-06,0.0002865169,0,2.2472e-06,3.3708e-06,7.64045e-05,0,5.618e-06,1.1236e-06,3.70787e-05,3.3708e-06,8.08989e-05,0,1.01124e-05,0,0.0116292135,5.618e-06,0.0002168539,0,0,0,2.92135e-05,0,2.2472e-06,0,1.1236e-06,0,0.0029393258,0,1.46067e-05,0,0.0001168539,0.0001651685,0.0003179775,0,0.0062617978,0,0.0002764045,0,0.1203359551,4.1573e-05,0.0026932584,1.01124e-05,0.0011853933,0,0.0008438202,2.92135e-05,0.0016348315,1.34831e-05,0.0004359551,0,2.58427e-05,0,0.000758427,0,1.34831e-05,6.29213e-05,5.2809e-05,5.618e-06,2.2472e-06,0,6.7416e-06,2.2472e-06,2.2472e-06,8.53933e-05,0.000405618,0,4.4944e-06,2.2472e-06,0.0023561798,2.2472e-06,0.0396337079,1.1236e-06,0.0157988764,2.2472e-06,0.0135808989,1.1236e-05,0.0008235955,3.3708e-06,0.061152809,0,0,6.7416e-06,0.0070516854,0,0.0223044944,0,0.0001022472
0.0047522244,3.0948e-06,0.0005284333,5.39652e-05,0.0002069632,0,0.0053156673,6.26692e-05,1.87621e-05,0,0.0010854932,4.8356e-06,0.0007646035,3.84913e-05,0.0001450677,1.934e-07,0.0020897485,3.868e-07,0.0001586074,3.24952e-05,1.354e-06,0,0.0001460348,1.70213e-05,0.0001317215,0,7.48549e-05,0,0.0017317215,2.147e-05,4.10058e-05,1.16054e-05,3.03675e-05,5.33849e-05,0.0032816248,0.0008758221,0.0025584139,2.9014e-06,6.92456e-05,1.354e-06,0.0003201161,9.671e-07,0.0067230174,5.029e-06,0.0025584139,2.6499e-05,0.0082820116,1.5474e-06,0.0070920696,3.40426e-05,0.0650719536,9.4778e-06,0.0058551257,0,0.0006230174,0,0.0013584139,3.4236e-05,0.0024833656,7.23404e-05,0.006968472,3.8685e-06,0.017710058,2.35977e-05,0.0092762089,1.5474e-06,0.0045775629,0.0002371373,1.25725e-05,5.803e-07,0.0005553191,1.31528e-05,0.0112856867,0.0001189555,0.0018340426,1.81818e-05,0.0064943907,5.53191e-05,0.0044290135,6.13153e-05,0.1068781431,0.000150677,0.0093216634,0,0,4.70019e-05,0.0011090909,0,0.1062512573,1.7408e-06
4.598e-07,0.0034043678,2.36782e-05,0.0009804598,0,6.897e-07,3.6782e-06,0.0023574713,0,6.897e-07,4.598e-07,0.0021602299,3.2184e-06,0.0003944828,4.598e-07,2.069e-06,4.598e-07,1.58621e-05,1.7931e-05,0.000345977,0,2.299e-07,5.0575e-06,7.21839e-05,2.299e-07,4.598e-07,0,0,4.598e-07,0.0018862069,0,1.97701e-05,4.598e-07,0.0003618391,0.0005273563,0.0008648276,2.299e-07,0.00448,0,0.0001163218,0,0.0008487356,0.0006218391,0.0573351724,8.73563e-05,0.022856092,1.1494e-06,0.004416092,0.000145977,0.0261402299,6.34483e-05,0.0716627586,2.299e-07,0.0057216092,0,0.005765977,6.897e-07,0.0017570115,7.97701e-05,0.0005901149,8.2759e-06,0.0011770115,2.299e-07,0.0071383908,4.1379e-06,0.0210618391,0.0002645977,0.0023554023,1.1494e-06,2.2989e-06,4.598e-07,0.0005282759,8.046e-06,0.0058045977,1.8391e-06,0.0006632184,2.9885e-06,0.0026229885,1.26437e-05,0.0001855172,5.7471e-06,0.0762885057,0,0.0004225287,6.8966e-06,0,0,0.0138158621,2.299e-07,0.0938174713
0,0,0,0,0.0001096774,0,0,0,3.2258e-06,0,0,0,6.4516e-06,0,2.25806e-05,0,0,0,0,0,9.6774e-06,0,0,0,7.41935e-05,0,8.06452e-05,0,0.0041709677,0,3.2258e-06,0,0,0,9.6774e-06,0,0.0007903226,0,1.93548e-05,0,0.0003354839,0,0.0005741935,0,2.90323e-05,0,0.0005322581,0,8.06452e-05,0,0.0002677419,0,0.000116129,0,0.0007,0,0,0,0,0,0,0,0,0,0,0,3.2258e-06,0,0,0,0.0001193548,0,0.0048612903,0,0.0004193548,0,0.0013774194,0,3.87097e-05,0,0.0003258065,0,0.1623258065,0,0.0419064516,0,0,0,0.0787483871,0
0,2.8571e-06,0,7.71429e-05,2.8571e-06,0,0,2.28571e-05,0,0,0,5.7143e-06,0,5.7143e-06,0,0,0,0,0,4.85714e-05,0,0,2.8571e-06,5.7143e-06,0,0,0,0,0,2.8571e-06,0,5.7143e-06,0,3.71429e-05,3.14286e-05,5.42857e-05,0,0.01488,0,0.0060257143,0,0.0279657143,2.28571e-05,0.00156,0,0.0001542857,0,0.0006114286,1.42857e-05,0.0001657143,2.8571e-06,6.57143e-05,0,0.0001314286,0,0.01558,0,5.7143e-06,1.14286e-05,1.42857e-05,0,2.8571e-06,0,5.7143e-06,0,0,1.71429e-05,0.0002028571,0,0,0,0.0004228571,0,0.0027742857,0,0.0020057143,0,0.0074257143,0,0,0,0.0016542857,0,0.0995142857,0,0.0799371429,0,0,0,0.1215457143
0.0002055675,0,2.61242e-05,3.8544e-06,2.31263e-05,0,0.0002749465,2.5696e-06,4.7109e-06,0,6.42398e-05,0,4.45396e-05,4.283e-07,1.75589e-05,0,5.5675e-06,0,4.2827e-06,2.5696e-06,0,0,8.5653e-06,4.283e-07,1.92719e-05,0,9.8501e-06,0,0.0001494647,6.424e-06,2.5696e-06,0,1.2848e-06,4.2827e-06,0.0004085653,0.0002488223,0.0091974304,8.565e-07,8.8651e-05,4.283e-07,0.0003605996,0,0.0015940043,2.1413e-06,0.0003366167,5.9957e-06,0.002406424,4.283e-07,0.0011931478,6.8522e-06,0.0123777302,4.283e-07,0.0067952891,0,0.0391490364,0,0.0001584582,4.283e-07,0.0001070664,1.02784e-05,0.0001104925,0,0.000248394,8.565e-07,0.0002098501,4.283e-07,0.0003002141,4.66809e-05,1.7131e-06,0,5.4818e-05,2.5696e-06,0.0064933619,1.84154e-05,0.0003040685,1.7131e-06,0.0031207709,8.5653e-06,9.37901e-05,2.26981e-05,0.0005267666,4.06852e-05,0.0004620985,4.283e-07,0.1221203426,1.11349e-05,0.0139100642,0,0,4.283e-07
0,0.0003035545,2.8436e-06,7.1564e-05,2.37e-07,0,0,0.0003222749,0,0,0,4.50237e-05,4.739e-07,8.5308e-06,7.109e-07,0,0,0,1.6588e-06,1.11374e-05,0,0,1.1848e-06,1.4218e-06,0,0,0,0,0,3.5545e-05,0,1.6588e-06,2.37e-07,1.04265e-05,0.0003246445,0.0003412322,0,0.0005303318,0,0.0001279621,0,6.27962e-05,0.0001547393,0.018557346,3.05687e-05,0.0026888626,4.739e-07,0.0006632701,9.83412e-05,0.0024438389,4.9763e-05,0.0055561611,0,0.0092272512,0,0.0715137441,0,0.0001395735,3.76777e-05,0.0004793839,4.739e-07,0.000107109,0,0.0001206161,2.3697e-06,0.0009125592,0.0001293839,0.0005338863,0,2.37e-07,2.37e-07,4.14692e-05,3.0806e-06,0.0017661137,9.479e-07,0.0001322275,4.739e-07,0.0004914692,4.2654e-06,9.36019e-05,1.6588e-06,0.0024300948,0,5.80569e-05,3.5545e-06,0.1159405213,0,0.0105748815,4.739e-07,0
